CF_ITEMID,CF_ITEMNAME,R,SIZE,BRAND,MODEL,PRICE,SB-SP_PRICE_X1,SB-SP_PRICE_X2,SB-SP_PRICE_X3,SB-SP_PRICE_X4,SB-PROMOTION_1,UT-SP_PRICE_X1,UT-SP_PRICE_X2,UT-SP_PRICE_X3,UT-SP_PRICE_X4,UT-PROMOTION_1
BSL01L677-19514C,BRIDGESTONE 195R14C 8PR L677,14,195R14C,BRIDGESTONE,L677,2900,2600,5200,7800,10400,---,2600,5200,7800,10400,พิเศษ 2250
DL03LT37-19514,DUNLOP 195R14 106P SPLT37 ,14,195R14C,DUNLOP,SPLT37,2590,---,5180,7770,10360,3 แถม 1,---,5180,7770,10360,3 แถม 1
FSL01CV9000-19514C,FIRESTONE 195R14C 8PR CV9000,14,195R14C,FIRESTONE,CV9000,1950,1950,3900,5850,7800,---,1950,3900,5850,7800,พิเศษ 1900
MX01MA579-19514,MAXXIS 195R14 106/104P 8PR  MA579,14,195R14C,MAXXIS,MA579,2170,2450,4900,7350,9800,3 แถม 1,2450,4900,7350,9800,3 แถม 1
ML04XCD2-2057514,MICHELIN 205/75R14 109/107P XCD2,14,205/75R14,MICHELIN,XCD2,3150,2850,5700,8550,11400,พิเศษ 2700,2850,5700,8550,11400,พิเศษ 2700
FSP10BRAVO-2057514,FIRESTONE 205/75R14C - BRAVO,14,205/75R14C,FIRESTONE,BRAVO,2350,2350,4700,7050,9400,---,2350,4700,7050,9400,ลด 1000 เมื่อเปลี่ยน 4 เส้น
BSL02L677-20514C,BRIDGESTONE 205R14C 109P L677,14,205R14C,BRIDGESTONE,L677,3410,3410,6820,10230,13640,---,3410,6820,10230,13640,ลด 1000 เมื่อเปลี่ยน 4 เส้น
FSL02CV9000-20514C,FIRESTONE 205R14C 109P CV9000,14,205R14C,FIRESTONE,CV9000,2300,---,4600,6900,9200,---,---,4600,6900,9200,ลด 1000 เมื่อเปลี่ยน 4 เส้น
MX03MA569-20514,MAXXIS 205R14 109/107P 8PR  MA569,14,205R14C,MAXXIS,MA569,2750,---,5500,8250,11000,3 แถม 1,---,5500,8250,11000,3 แถม 1
ML01XCD2-2157514,MICHELIN 215/75R14 112P XCD2,14,215/75R14,MICHELIN,XCD2,3590,3300,6600,9900,13200,พิเศษ 3200,3300,6600,9900,13200,พิเศษ 3400
BSL03L677-21514C,BRIDGESTONE 215R14C 8PR-112P L677,14,215R14C,BRIDGESTONE,L677,3840,---,7680,11520,15360,---,---,7680,11520,15360,ลด 1000 เมื่อเปลี่ยน 4 เส้น
ML02XCD2-2257514,MICHELIN 225/75R14 115P XCD2,14,225/75R14,MICHELIN,XCD2,3750,3400,6800,10200,13600,พิเศษ 3300,3400,6800,10200,13600,พิเศษ 3500
BSL01R611-19515C,BRIDGESTONE  195R15C 8PR 106S  R611,15,195R15C,BRIDGESTONE,R611,3800,---,7600,11400,15200,---,---,7600,11400,15200,ลด 1000 เมื่อเปลี่ยน 4 เส้น
MX06MA579-2057015,MAXXIS 205/70R15C 106/104Q 8PR  MA579,15,205/70R15,MAXXIS,MA579,2100,---,4200,6300,8400,3 แถม 1,---,4200,6300,8400,3 แถม 1
BSL02R611-2057015C,BRIDGESTONE  205/70R15C 106S  R611,15,205/70R15C,BRIDGESTONE,R611,3200,2850,5700,8550,11400,---,2850,5700,8550,11400,พิเศษ 2650
BSL01R624-2057015,BRIDGESTONE 205/70R15 106/104S R624,15,205/70R15C,BRIDGESTONE,R624,3760,---,7520,11280,15040,---,---,7520,11280,15040,ลด 1000 เมื่อเปลี่ยน 4 เส้น
FSL02LE02-2057015,FIRESTONE 205/70R15C 106/104S LE-02,15,205/70R15C,FIRESTONE,LE-02,2300,2300,4600,6900,9200,---,2300,4600,6900,9200,ลด 1000 เมื่อเปลี่ยน 4 เส้น
ML01AGI-2057015,MICHELIN 205/70R15C 109/107S  AGILIS,15,205/70R15C,MICHELIN,AGILIS,3090,2800,5600,8400,11200,พิเศษ 2650,2800,5600,8400,11200,พิเศษ 2650
BSL01L627-2156515C,BRIDGESTONE  215/65R15C 104Q  L627,15,215/65R15C,BRIDGESTONE,L627,3400,3400,6800,10200,13600,---,3400,6800,10200,13600,ลด 1000 เมื่อเปลี่ยน 4 เส้น
GY01DURA-2157015,GOODYEAR 215/70R15 91V DURASPORT,15,215/70R15,GOODYEAR,DURASPORT,---,---,---,---,---,---,---,---,---,---,---
BSL05R611-2157015C,BRIDGESTONE  215/70R15C 106S  R611,15,215/70R15C,BRIDGESTONE,R611,3250,2950,5900,8850,11800,---,2950,5900,8850,11800,พิเศษ 2700
BSL02R624-2157015C,BRIDGESTONE 215/70R15C 109/107S R624,15,215/70R15C,BRIDGESTONE,R624,3800,---,7600,11400,15200,---,---,7600,11400,15200,ลด 1000 เมื่อเปลี่ยน 4 เส้น
DL02LT37-2157015,DUNLOP 215/70R15 109/107S SPLT37 ,15,215/70R15C,DUNLOP,SPLT37,2400,2850,5700,8550,11400,3 แถม 1,2850,5700,8550,11400,3 แถม 1
DL01VANV1-2157015,DUNLOP 215/70R15 109/107S VANTREK-V1,15,215/70R15C,DUNLOP,VANTRACK-V1,2400,2850,5700,8550,11400,3 แถม 1,2850,5700,8550,11400,3 แถม 1
FSL03LE02-2157015,FIRESTONE 215/70R15C 106/104S LE-02,15,215/70R15C,FIRESTONE,LE-02,2400,2400,4800,7200,9600,---,2400,4800,7200,9600,ลด 1000 เมื่อเปลี่ยน 4 เส้น
MX07MA579-2157015,MAXXIS 215/70R15C 8PR  MA579,15,215/70R15C,MAXXIS,MA579,2200,2400,4800,7200,9600,3 แถม 1,2400,4800,7200,9600,3 แถม 1
ML01AGI-2157015,MICHELIN 215/70R15C 109/107S  AGILIS,15,215/70R15C,MICHELIN,AGILIS,3150,2800,5600,8400,11200,พิเศษ 2700,2800,5600,8400,11200,พิเศษ 2700
MX03HT770-2257015,MAXXIS 225/70R15 100T  HT770,15,225/70R15,MAXXIS,HT770,2750,3500,7000,10500,14000,3 แถม 1,3500,7000,10500,14000,3 แถม 1
BSL01D697-2257015C,BRIDGESTONE  225/70R15C 112S  D697,15,225/70R15C,BRIDGESTONE,D697,4600,4600,9200,13800,18400,---,4600,9200,13800,18400,ลด 1000 เมื่อเปลี่ยน 4 เส้น
MX22AT-700-2257515,MAXXIS 225/75R15 6PR  AT-700,15,225/75R15,MAXXIS,AT-700,3800,3800,7600,11400,15200,3 แถม 1,3800,7600,11400,15200,3 แถม 1
ML03XCD2-2257515,MICHELIN 225/75R15 116Q XCD2,15,225/75R15,MICHELIN,XCD2,4290,3800,7600,11400,15200,พิเศษ 3700,3800,7600,11400,15200,พิเศษ 4000
BSL01R669-2257515C,BRIDGESTONE  225/75R15C 110Q  R669,15,225/75R15C,BRIDGESTONE,R669,4500,4500,9000,13500,18000,---,4500,9000,13500,18000,ลด 1000 เมื่อเปลี่ยน 4 เส้น
FSP04LE02-2357015,FIRESTONE 235/70R15 103S LE-02,15,235/70R15,FIRESTONE,LE-02,3500,---,7000,10500,14000,---,---,7000,10500,14000,ลด 1000 เมื่อเปลี่ยน 4 เส้น
FSP01LE02-2357515,FIRESTONE 235/75R15 109S LE-02,15,235/75R15,FIRESTONE,LE-02,3500,---,7000,10500,14000,---,---,7000,10500,14000,ลด 1000 เมื่อเปลี่ยน 4 เส้น
DL01PT2-2557015,DUNLOP 255/70R15 108H PT2,15,255/70R15,DUNLOP,PT2,4400,---,8800,13200,17600,3 แถม 1,---,8800,13200,17600,3 แถม 1
BSL02D840-2557015C,BRIDGESTONE  255/70R15C 112S  D840,15,255/70R15C,BRIDGESTONE,D840,5850,5850,11700,17550,23400,---,5850,11700,17550,23400,ลด 1000 เมื่อเปลี่ยน 4 เส้น
MX06AT-700-2557015,MAXXIS 255/70R15 108T  AT-700,15,255/70R15C,MAXXIS,AT-700,3200,3800,7600,11400,15200,3 แถม 1,3800,7600,11400,15200,3 แถม 1
MX08HT760-2557015,MAXXIS 255/70R15 108S  HT760,15,255/70R15C,MAXXIS,HT760,3000,3900,7800,11700,15600,3 แถม 1,3900,7800,11700,15600,3 แถม 1
MX02AT-700-309.5015,MAXXIS 30x9.50R15 104S  AT-700,15,30x9.50R15,MAXXIS,AT-700,4750,---,9500,14250,19000,---,---,9500,14250,19000,---
MX02MT-762-3110.5015,MAXXIS 31x10.50R15 6PR  MT-762,15,31x10.50R15,MAXXIS,MT762,3750,---,7500,11250,15000,3 แถม 1,---,7500,11250,15000,3 แถม 1
ML03PC4ST-2055516,MICHELIN 205/55R16 91V PRIMACY4,16,205/55R16,MICHELIN,PRIMACY 4ST,---,---,---,---,---,---,---,---,---,---,---
BSL01D840-20516,BRIDGESTONE  205R16C 110/108R  D840,16,205R16C,BRIDGESTONE,D840,4650,---,9300,13950,18600,---,---,9300,13950,18600,ลด 1000 เมื่อเปลี่ยน 4 เส้น
DL01LT37-2156516,DUNLOP 215/65R16 SPLT37 ,16,215/65R16,DUNLOP,SPLT37,3450,---,6900,10350,13800,3 แถม 1,---,6900,10350,13800,3 แถม 1
ML04AGI-2156516,MICHELIN 215/65R16 109T AGILIS,16,215/65R16,MICHELIN,AGILIS,3550,---,7100,10650,14200,---,---,7100,10650,14200,---
BSL04R611-2156516C,BRIDGESTONE  215/65R16C 106/104S  R611,16,215/65R16C,BRIDGESTONE,R611,3650,3500,7000,10500,14000,---,3500,7000,10500,14000,ลด 1000 เมื่อเปลี่ยน 4 เส้น
FSL06LE02-2156516,FIRESTONE 215/65R16C 106/104S LE-02,16,215/65R16C,FIRESTONE,LE-02,3100,3100,6200,9300,12400,---,3100,6200,9300,12400,ลด 1000 เมื่อเปลี่ยน 4 เส้น
MX08MA579-2156516,MAXXIS 215/65R16 8PR  MA579,16,215/65R16C,MAXXIS,MA579,2800,3300,6600,9900,13200,3 แถม 1,3300,6600,9900,13200,3 แถม 1
BSL06R611-2157016C,BRIDGESTONE  215/70R16C 108S  R611,16,215/70R16C,BRIDGESTONE,R611,3700,3700,7400,11100,14800,---,3700,7400,11100,14800,ลด 1000 เมื่อเปลี่ยน 4 เส้น
FSL05LE02-2157016,FIRESTONE 215/70R16C 108/106S LE-02,16,215/70R16C,FIRESTONE,LE-02,3600,3600,7200,10800,14400,---,3600,7200,10800,14400,ลด 1000 เมื่อเปลี่ยน 4 เส้น
ML02AGI-2157016,MICHELIN 215/70R16C 108T AGILIS,16,215/70R16C,MICHELIN,AGILIS,3550,---,7100,10650,14200,---,---,7100,10650,14200,---
ML04PC4ST-2255516,MICHELIN 225/55R16 94W PRIMACY4,16,225/55R16,MICHELIN,PRIMACY4,---,---,---,---,---,---,---,---,---,---,---
BSP03D697-2457016,BRIDGESTONE  245/70R16 111S  D697,16,245/70R16,BRIDGESTONE,D697,6500,---,13000,19500,26000,---,---,13000,19500,26000,ลด 1000 เมื่อเปลี่ยน 4 เส้น
BSP03D840-2457016,BRIDGESTONE  245/70R16 111S  D840,16,245/70R16,BRIDGESTONE,D840,5250,5000,10000,15000,20000,---,5000,10000,15000,20000,ลด 1000 เมื่อเปลี่ยน 4 เส้น
BSP13EP850-2457016,BRIDGESTONE  245/70R16 111H XL  EP850,16,245/70R16,BRIDGESTONE,EP850,5000,---,10000,15000,20000,---,---,10000,15000,20000,ลด 1000 เมื่อเปลี่ยน 4 เส้น
BSP06EPH/L001-2457016,BRIDGESTONE 245/70R16 111H-XL EP-H/L001,16,245/70R16,BRIDGESTONE,EPH/L001,5100,5100,10200,15300,20400,---,5100,10200,15300,20400,ลด 1000 เมื่อเปลี่ยน 4 เส้น
DTP01HT100-2457016,DAYTON 245/70R16 107H H/T100,16,245/70R16,DAYTON,H/T100,2900,3500,7000,10500,14000,3 แถม 1,3500,7000,10500,14000,3 แถม 1
DL01AT22-2457016,DUNLOP 245/70R16 111T AT22,16,245/70R16,DUNLOP,AT22,4800,4500,9000,13500,18000,3 แถม 1,4500,9000,13500,18000,3 แถม 1
DL02PT3-2457016,DUNLOP 245/70R16 112S PT3,16,245/70R16,DUNLOP,PT3,4080,---,8160,12240,16320,3 แถม 1,---,8160,12240,16320,3 แถม 1
FSP02A/T-2457016,FIRESTONE  245/70R16 111S XL  A/T,16,245/70R16,FIRESTONE,AT,4300,---,8600,12900,17200,---,---,8600,12900,17200,ลด 1000 เมื่อเปลี่ยน 4 เส้น
FSP03LE02-2457016,FIRESTONE 245/70R16 111H XL LE-02,16,245/70R16,FIRESTONE,LE-02,4050,4050,8100,12150,16200,---,4050,8100,12150,16200,พิเศษ 3750
HK01RF10-2457016,HANKOOK 245/70R16 111T RF10,16,245/70R16,HANKOOK,RF10,3300,---,6600,9900,13200,---,---,6600,9900,13200,---
MX10AT-700-2457016,MAXXIS 245/70R16 111S  AT-700,16,245/70R16,MAXXIS,AT-700,3000,3700,7400,11100,14800,3 แถม 1,3700,7400,11100,14800,3 แถม 1
MX04HT770-2457016,MAXXIS 245/70R16 111T  HT770,16,245/70R16,MAXXIS,HT770,2850,3400,6800,10200,13600,3 แถม 1,3400,6800,10200,13600,3 แถม 1
BSP04D840-2657016,BRIDGESTONE  265/70R16 112S  D840,16,265/70R16,BRIDGESTONE,D840,5450,5100,10200,15300,20400,---,5100,10200,15300,20400,ลด 1000 เมื่อเปลี่ยน 4 เส้น
BSP16EP850-2657016,BRIDGESTONE  265/70R16 112H  EP850,16,265/70R16,BRIDGESTONE,EP850,5300,---,10600,15900,21200,---,---,10600,15900,21200,ลด 1000 เมื่อเปลี่ยน 4 เส้น
BSP07EPH/L001-2657016,BRIDGESTONE 265/70R16 112H EP-H/L001,16,265/70R16,BRIDGESTONE,EPH/L001,5150,5150,10300,15450,20600,---,5150,10300,15450,20600,ลด 1000 เมื่อเปลี่ยน 4 เส้น
DTP02HT100-2657016,DAYTON 265/70R16 112H H/T100,16,265/70R16,DAYTON,H/T100,3100,3800,7600,11400,15200,3 แถม 1,3800,7600,11400,15200,3 แถม 1
DL02AT22-2657016,DUNLOP 265/70R16 112T AT22,16,265/70R16,DUNLOP,AT22,4900,4600,9200,13800,18400,3 แถม 1,4600,9200,13800,18400,3 แถม 1
DL02AT3-2657016,DUNLOP 265/70R16 100T AT3,16,265/70R16,DUNLOP,AT3,4490,4600,9200,13800,18400,3 แถม 1,4600,9200,13800,18400,3 แถม 1
DL03PT3-2657016,DUNLOP 265/70R16 112H PT3,16,265/70R16,DUNLOP,PT3,4490,4750,9500,14250,19000,3 แถม 1,4750,9500,14250,19000,3 แถม 1
FSP04LE02-2657016,FIRESTONE 265/70R16 112H LE-02,16,265/70R16,FIRESTONE,LE-02,4250,3950,7900,11850,15800,---,3950,7900,11850,15800,พิเศษ 3950
HK02RF10-2657016,HANKOOK 265/70R16 - RF10,16,265/70R16,HANKOOK,RF10,3500,---,7000,10500,14000,---,---,7000,10500,14000,---
MX12AT-700-2657016,MAXXIS 265/70R16 112S  AT-700,16,265/70R16,MAXXIS,AT-700,3150,3800,7600,11400,15200,3 แถม 1,3800,7600,11400,15200,3 แถม 1
MX05HT770-2657016,MAXXIS 265/70R16 112T  HT770,16,265/70R16,MAXXIS,HT770,3000,3700,7400,11100,14800,3 แถม 1,3700,7400,11100,14800,3 แถม 1
YO02G015-2657016,YOKOHAMA 265/70R16 111T G015-OWL,16,265/70R16,YOKOHAMA,G015,---,---,---,---,---,---,---,---,---,---,---
MX16AT-980-2657516,MAXXIS 265/75R16 8PR  AT-980,16,265/75R16,MAXXIS,AT-980,5850,---,11700,17550,23400,3 แถม 1,---,11700,17550,23400,3 แถม 1
MX09MT-762-2657516,MAXXIS 265/75R16 6PR  MT-762,16,265/75R16,MAXXIS,MT-762,4400,---,8800,13200,17600,3 แถม 1,---,8800,13200,17600,3 แถม 1
BSP01D470-2256517,BRIDGESTONE  225/65R17 102T  D470,17,225/65R17,BRIDGESTONE,D470,3400,3400,6800,10200,13600,---,3400,6800,10200,13600,ลด 1000 เมื่อเปลี่ยน 4 เส้น
BSP10EP850-2256517,BRIDGESTONE  225/65R17 102H  EP850,17,225/65R17,BRIDGESTONE,EP850,5750,---,11500,17250,23000,---,---,11500,17250,23000,ลด 1000 เมื่อเปลี่ยน 4 เส้น
BSP10EPH/L001-2256517,BRIDGESTONE 225/65R17 102V EP-H/L001,17,225/65R17,BRIDGESTONE,EPH/L001,---,---,---,---,---,---,---,---,---,---,---
FSP06LE02-2256517,FIRESTONE 225/65R17 102H LE-02,17,225/65R17,FIRESTONE,LE-02,4500,4500,9000,13500,18000,---,4500,9000,13500,18000,ลด 1000 เมื่อเปลี่ยน 4 เส้น
MX10HPM3-2256517,MAXXIS 225/65R17 102H HP-M3,17,225/65R17,MAXXIS,HP-M3,3250,3700,7400,11100,14800,3 แถม 1,3700,7400,11100,14800,3 แถม 1
MX20HT760-2256517,MAXXIS 225/65R17 102S  HT760,17,225/65R17,MAXXIS,HT760,3400,---,6800,10200,13600,3 แถม 1,---,6800,10200,13600,3 แถม 1
BSP03D684II-2456517,BRIDGESTONE  245/65R17 111S  D684II,17,245/65R17,BRIDGESTONE,D684II,8050,---,16100,24150,32200,---,---,16100,24150,32200,ลด 1000 เมื่อเปลี่ยน 4 เส้น
BSP01D840-2456517,BRIDGESTONE  245/65R17 111S  D840,17,245/65R17,BRIDGESTONE,D840,8050,---,16100,24150,32200,---,---,16100,24150,32200,ลด 1000 เมื่อเปลี่ยน 4 เส้น
FSP07LE02-2456517,FIRESTONE 245/65R17 107H LE-02,17,245/65R17,FIRESTONE,LE-02,5000,---,10000,15000,20000,---,---,10000,15000,20000,ลด 1000 เมื่อเปลี่ยน 4 เส้น
BSP02D840-2556517,BRIDGESTONE  255/65R17 110S  D840,17,255/65R17,BRIDGESTONE,D840,6500,---,13000,19500,26000,---,---,13000,19500,26000,ลด 1000 เมื่อเปลี่ยน 4 เส้น
BSP06EP850-2556517,BRIDGESTONE  255/65R17 110H  EP850,17,255/65R17,BRIDGESTONE,EP850,7300,---,14600,21900,29200,---,---,14600,21900,29200,ลด 1000 เมื่อเปลี่ยน 4 เส้น
BSP01D684II-2656517,BRIDGESTONE  265/65R17 112S  D684II,17,265/65R17,BRIDGESTONE,D684II,6500,5000,10000,15000,20000,---,5000,10000,15000,20000,พิเศษ 5250
BSP01D693III-2656517,BRIDGESTONE 265/65R17 112S D693III,17,265/65R17,BRIDGESTONE,D693III,6500,5300,10600,15900,21200,---,5300,10600,15900,21200,พิเศษ 5250
BSP15EP850-2656517,BRIDGESTONE  265/65R17 112H  EP850,17,265/65R17,BRIDGESTONE,EP850,7850,---,15700,23550,31400,---,---,15700,23550,31400,พิเศษ 6750
DL03AT22-2656517,DUNLOP 265/65R17 112T AT22,17,265/65R17,DUNLOP,AT22,5900,5400,10800,16200,21600,3 แถม 1,5400,10800,16200,21600,3 แถม 1
DL03AT3-2656517,DUNLOP 265/65R17 112S GRANDTREK AT3,17,265/65R17,DUNLOP,AT3,---,---,---,---,---,---,---,---,---,---,---
DL04PT3-2656517,DUNLOP 265/65R17 112H PT3,17,265/65R17,DUNLOP,PT3,5700,---,11400,17100,22800,3 แถม 1,---,11400,17100,22800,3 แถม 1
FSP05A/T-2656517,FIRESTONE  265/65R17 112T  A/T,17,265/65R17,FIRESTONE,AT,5500,---,11000,16500,22000,---,---,11000,16500,22000,ลด 1000 เมื่อเปลี่ยน 4 เส้น
FSP08LE02-2656517,FIRESTONE 265/65R17 112H LE-02,17,265/65R17,FIRESTONE,LE-02,4850,4375,8750,13125,17500,---,4375,8750,13125,17500,พิเศษ 4600
HK01RH12-2656517,HANKOOK 265/65R17 110T DYNAPRO-RH12,17,265/65R17,HANKOOK,RH12,4000,---,8000,12000,16000,---,---,8000,12000,16000,---
MX18AT-700-2656517,MAXXIS 265/65R17 112S  AT-700,17,265/65R17,MAXXIS,AT-700,3450,4500,9000,13500,18000,3 แถม 1,4500,9000,13500,18000,3 แถม 1
MX21AT-980-2656517,MAXXIS 265/65R17 10PR  AT-980,17,265/65R17,MAXXIS,AT-980,---,---,---,---,---,---,---,---,---,---,---
MX07HT770-2656517,MAXXIS 265/65R17 112S  HT770,17,265/65R17,MAXXIS,HT770,3250,4050,8100,12150,16200,3 แถม 1,4050,8100,12150,16200,3 แถม 1
MX09SPRO-2656517,MAXXIS 265/65R17 112H  SPRO,17,265/65R17,MAXXIS,S-PRO,3750,4500,9000,13500,18000,3 แถม 1,4500,9000,13500,18000,3 แถม 1
ML01CT-2656517,MICHELIN 265/65R17 112S CROSS-TERRAIN,17,265/65R17,MICHELIN,CROSS TERRAINS,---,5200,10400,15600,20800,---,5200,10400,15600,20800,---
ML05PCSUV-2656517,MICHELIN 265/65R17 - PRIMACY-SUV,17,265/65R17,MICHELIN,PRIMACY SUV,---,---,---,---,---,---,---,---,---,---,---
YO02G94-2656517,YOKOHAMA 265/65R17 112S G94,17,265/65R17,YOKOHAMA,G94,4500,---,9000,13500,18000,---,---,9000,13500,18000,---
DTP12DT30-2254018,DAYTON 225/40R18 92W-XL DT30,18,225/40R18,DAYTON,DT30,3000,3400,6800,10200,13600,3 แถม 1,3400,6800,10200,13600,3 แถม 1
MX20i-Pro-2254018,MAXXIS 225/40ZR18 92W  i-Pro,18,225/40R18,MAXXIS,I-PRO,2900,3550,7100,10650,14200,3 แถม 1,3550,7100,10650,14200,3 แถม 1
DTP14DT30-2254518,DAYTON 225/45R18 95W-XL DT30,18,225/45R18,DAYTON,DT30,3290,---,6580,9870,13160,3 แถม 1,---,6580,9870,13160,3 แถม 1
MX23i-Pro-2254518,MAXXIS 225/45ZR18 95W  i-Pro,18,225/45R18,MAXXIS,I-PRO,3000,3550,7100,10650,14200,3 แถม 1,3550,7100,10650,14200,3 แถม 1
DTP13DT30-2354018,DAYTON 235/40R18 95W-XL DT30,18,235/40R18,DAYTON,DT30,3290,3500,7000,10500,14000,3 แถม 1,3500,7000,10500,14000,3 แถม 1
DL04LM704-2354018,DUNLOP 235/40R18 95W LM704,18,235/40R18,DUNLOP,LM704,---,---,---,---,---,3 แถม 1,---,---,---,---,3 แถม 1
MX21i-Pro-2354018,MAXXIS 235/40ZR18 95W  i-Pro,18,235/40R18,MAXXIS,I-PRO,3000,---,6000,9000,12000,3 แถม 1,---,6000,9000,12000,3 แถม 1
MX24i-Pro-2354518,MAXXIS 235/45ZR18 98W  i-Pro,18,235/45ZR18,MAXXIS,I-PRO,3050,3600,7200,10800,14400,3 แถม 1,3600,7200,10800,14400,3 แถม 1
MX27i-Pro-2355018,MAXXIS 235/50ZR18 101W  i-Pro,18,235/50ZR18,MAXXIS,I-PRO,3050,3600,7200,10800,14400,3 แถม 1,3600,7200,10800,14400,3 แถม 1
BSP18EPH/L001-2355518,BRIDGESTONE 235/55R18 104V-XL EP-H/L001,18,235/55R18,BRIDGESTONE,EPH/L001,---,---,---,---,---,---,---,---,---,---,---
MX04SPRO-2355518,MAXXIS 235/55ZR18 100W  SPRO,18,235/55R18,MAXXIS,S-PRO,3750,---,7500,11250,15000,3 แถม 1,---,7500,11250,15000,3 แถม 1
ML02LATHP-2355518,MICHELIN 235/55R18 100V LATITUDE-HP,18,235/55R18,MICHELIN,TOUR HP,---,---,---,---,---,---,---,---,---,---,---
ML06PCSUV-2356018,MICHELIN 235/60R18 103V PRIMACY-SUV,18,235/60R18,MICHELIN,PRIMACY-SUV,---,---,---,---,---,---,---,---,---,---,---
MX25i-Pro-2554518,MAXXIS 255/45ZR18 103W  i-Pro,18,255/45ZR18,MAXXIS,I-PRO,3350,4100,8200,12300,16400,3 แถม 1,4100,8200,12300,16400,3 แถม 1
WO03WOLF-2555018,WOLVERINE 255/50R18 106V-XL X402,18,255/50R18,WOLVERINE,X402,3500,---,7000,10500,14000,ลด 1000 เมื่อเปลี่ยน 4 เส้น,---,7000,10500,14000,ลด 1000 เมื่อเปลี่ยน 4 เส้น
BSP02D684II-2656018,BRIDGESTONE  265/60R18 110T  D684II,18,265/60R18,BRIDGESTONE,D684II,7850,7250,14500,21750,29000,---,7250,14500,21750,29000,พิเศษ 7100
BSP21EPH/L001-2656018,BRIDGESTONE 265/60R18 110H EP-H/L001,18,265/60R18,BRIDGESTONE,EPH/L001,7200,7200,14400,21600,28800,---,7200,14400,21600,28800,พิเศษ 6900
DTP03HT100-2656018,DAYTON 265/60R18 82H H/T100,18,265/60R18,DAYTON,H/T100,4150,4900,9800,14700,19600,3 แถม 1,4900,9800,14700,19600,3 แถม 1
DL02AT2-2656018,DUNLOP 265/60R18 110H AT20,18,265/60R18,DUNLOP,AT20,---,7200,14400,21600,28800,---,7200,14400,21600,28800,---
MX06MAS2-2656018,MAXXIS 265/60R18 110H  MAS2,18,265/60R18,MAXXIS,MAS2,3900,4400,8800,13200,17600,3 แถม 1,4400,8800,13200,17600,3 แถม 1
MX06SPRO-2656018,MAXXIS 265/60R18 114V  SPRO,18,265/60R18,MAXXIS,S-PRO,4100,---,8200,12300,16400,3 แถม 1,---,8200,12300,16400,3 แถม 1
MX15HPM3-2656518,MAXXIS 265/65R18 114H TL HP-M3,18,265/65R18,MAXXIS,HP-M3,---,---,---,---,---,---,---,---,---,---,---
YO03PSX-2454520,YOKOHAMA 245/45R20 99V PARADA-SPEC-X,20,245/45R20,YOKOHAMA,SPEC-X,6800,---,13600,20400,27200,---,---,13600,20400,27200,---
MX08MAS2-2655020,MAXXIS 265/50R20 112V  MAS2,20,265/50R20,MAXXIS,MAS2,4000,4700,9400,14100,18800,3 แถม 1,4700,9400,14100,18800,3 แถม 1
MX07SPRO-2655020,MAXXIS 265/50R20 112W  SPRO,20,265/50R20,MAXXIS,S-PRO,4200,4700,9400,14100,18800,3 แถม 1,4700,9400,14100,18800,3 แถม 1
YO02PSX-2655020,YOKOHAMA 265/50R20 111V PARADA-SPEC-X,20,265/50R20,YOKOHAMA,SPEC-X,---,---,---,---,---,---,---,---,---,---,---
MX02MAP3-1557012,MAXXIS 155/70R12 73H  MAP3,12,155/70R12,MAXXIS,MAP3,1350,---,2700,4050,5400,3 แถม 1,---,2700,4050,5400,3 แถม 1
BSP01EP150-1757013,BRIDGESTONE  175/70R13 82H  EP150,13,175/70R13,BRIDGESTONE,EP150,1800,1800,3600,5400,7200,---,1800,3600,5400,7200,พิเศษ 1625
FSP16TZ700-1757013,FIRESTONE 175/70R13  82T TZ700,13,175/70R13,FIRESTONE,TZ700,1550,1500,3000,4500,6000,---,1500,3000,4500,6000,ลด 800 เมื่อเปลี่ยน 4 เส้น
MX07MAP3-1757013,MAXXIS 175/70R13 82H  MAP3,13,175/70R13,MAXXIS,MAP3,1550,1700,3400,5100,6800,3 แถม 1,1700,3400,5100,6800,3 แถม 1
MX02ME3-1757013,MAXXIS 175/70R13 82H  ME3,13,175/70R13,MAXXIS,ME3,---,---,---,---,---,---,---,---,---,---,---
DL02EC300-1656514,DUNLOP 165/65R14 79S EC300,14,165/65R14,DUNLOP,EC300,---,---,---,---,---,---,---,---,---,---,---
DTP15DT30-1657014,DAYTON 165/70R14 81H DT30,14,165/70R14,DAYTON,DT30,1800,---,3600,5400,7200,3 แถม 1,---,3600,5400,7200,3 แถม 1
BSP05EP150-1756514,BRIDGESTONE  175/65R14 82T  EP150,14,175/65R14,BRIDGESTONE,EP150,2400,2400,4800,7200,9600,---,2400,4800,7200,9600,พิเศษ 2200
DTP17DT30-1756514,DAYTON 175/65R14 82H DT30,14,175/65R14,DAYTON,DT30,1400,1850,3700,5550,7400,3 แถม 1,1850,3700,5550,7400,3 แถม 1
DL05R1-1756514,DUNLOP 175/65R14 88H TOURING-R1,14,175/65R14,DUNLOP,R1,1900,---,3800,5700,7600,3 แถม 1,---,3800,5700,7600,3 แถม 1
FSP01F01-1756514,FIRESTONE 175/65R14 82H F01,14,175/65R14,FIRESTONE,F01,1550,1550,3100,4650,6200,---,1550,3100,4650,6200,พิเศษ 1750
GY01DURAPL2-1756514,GOODYEAR 175/65r14 82H DURAPLUS-2,14,175/65R14,GOODYEAR,DURAPLUS-2,---,---,---,---,---,---,---,---,---,---,---
MX06MAP3-1756514,MAXXIS 175/65R14 82H  MAP3,14,175/65R14,MAXXIS,MAP3,1700,1750,3500,5250,7000,3 แถม 1,1750,3500,5250,7000,3 แถม 1
DTP16DT30-1757014,DAYTON 175/70R14 84H DT30,14,175/70R14,DAYTON,DT30,1600,---,3200,4800,6400,3 แถม 1,---,3200,4800,6400,3 แถม 1
BSP06EP150-1856514,BRIDGESTONE  185/65R14 86H  EP150,14,185/65R14,BRIDGESTONE,EP150,2500,2500,5000,7500,10000,---,2500,5000,7500,10000,พิเศษ 2250
DTP18DT30-1856514,DAYTON 185/65R14 86H DT30,14,185/65R14,DAYTON,DT30,1400,1900,3800,5700,7600,3 แถม 1,1900,3800,5700,7600,3 แถม 1
DL06R1-1856514,DUNLOP 185/65R14 86H TOURING-R1,14,185/65R14,DUNLOP,R1,1890,---,3780,5670,7560,3 แถม 1,---,3780,5670,7560,3 แถม 1
FSP02F01-1856514,FIRESTONE 185/65R14 86H F01,14,185/65R14,FIRESTONE,F01,1800,1800,3600,5400,7200,---,1800,3600,5400,7200,พิเศษ 1800
MX12MAP3-1856514,MAXXIS 185/65R14 84H  MAP3,14,185/65R14,MAXXIS,MAP3,1700,---,3400,5100,6800,3 แถม 1,---,3400,5100,6800,3 แถม 1
MX05ME3-1856514,MAXXIS 185/65R14 86H  ME3,14,185/65R14,MAXXIS,ME3,---,1750,3500,5250,7000,3 แถม 1,1750,3500,5250,7000,3 แถม 1
BSP10EP150-1857014,BRIDGESTONE  185/70R14 88H  EP150,14,185/70R14,BRIDGESTONE,EP150,2400,2400,4800,7200,9600,---,2400,4800,7200,9600,พิเศษ 2250
DTP04DT30-1756015,DAYTON 175/60R15 81H DT30,15,175/60R15,DAYTON,DT30,1850,---,3700,5550,7400,3 แถม 1,---,3700,5550,7400,3 แถม 1
BSP03EP300-1756515,BRIDGESTONE 175/65R15 84H EP300,15,175/65R15,BRIDGESTONE,EP300,3000,3000,6000,9000,12000,---,3000,6000,9000,12000,ลด 800 เมื่อเปลี่ยน 4 เส้น
DTP19DT30-1756515,DAYTON 175/65R15 84H DT30,15,175/65R15,DAYTON,DT30,1950,2250,4500,6750,9000,3 แถม 1,2250,4500,6750,9000,3 แถม 1
FSP21F01-1756515,FIRESTONE 175/65R15 84H F01,15,175/65R15,FIRESTONE,F01,2100,2100,4200,6300,8400,---,2100,4200,6300,8400,ลด 800 เมื่อเปลี่ยน 4 เส้น
BSP04EP300-1855515,BRIDGESTONE 185/55R15 82V EP300,15,185/55R15,BRIDGESTONE,EP300,3300,3300,6600,9900,13200,---,3300,6600,9900,13200,ลด 800 เมื่อเปลี่ยน 4 เส้น
DL08R1-1855515,DUNLOP 185/55R15 82H TOURING-R1,15,185/55R15,DUNLOP,R1,2350,2350,4700,7050,9400,3 แถม 1,2350,4700,7050,9400,3 แถม 1
FSP05F01-1855515,FIRESTONE 185/55R15 82V F01,15,185/55R15,FIRESTONE,F01,1950,1950,3900,5850,7800,---,1950,3900,5850,7800,ลด 800 เมื่อเปลี่ยน 4 เส้น
FSP01FHS01-1855515,FIRESTONE 185/55R15 82V Firehawk-S01,15,185/55R15,FIRESTONE,FH SPORT01,2400,---,4800,7200,9600,---,---,4800,7200,9600,ลด 800 เมื่อเปลี่ยน 4 เส้น
MX09MAP3-1855515,MAXXIS 185/55R15 82V  MAP3,15,185/55R15,MAXXIS,MAP3,1950,2150,4300,6450,8600,3 แถม 1,2150,4300,6450,8600,3 แถม 1
BSP12EP150-1856015,BRIDGESTONE  185/60R15 84H  EP150,15,185/60R15,BRIDGESTONE,EP150,2550,2550,5100,7650,10200,---,2550,5100,7650,10200,พิเศษ 2300
DTP02DT30-1856015,DAYTON 185/60R15 84H DT30,15,185/60R15,DAYTON,DT30,1850,2100,4200,6300,8400,3 แถม 1,2100,4200,6300,8400,3 แถม 1
DL01EC300+-1856015,DUNLOP 185/60R15 84H EC300+,15,185/60R15,DUNLOP,EC300+,2150,---,4300,6450,8600,3 แถม 1,---,4300,6450,8600,3 แถม 1
DL02R1-1856015,DUNLOP 185/60R15 84H TOURING-R1,15,185/60R15,DUNLOP,R1,2200,2200,4400,6600,8800,3 แถม 1,2200,4400,6600,8800,3 แถม 1
FSP22F01-1856015,FIRESTONE 185/60R15 84H F01,15,185/60R15,FIRESTONE,F01,1950,1950,3900,5850,7800,---,1950,3900,5850,7800,ลด 800 เมื่อเปลี่ยน 4 เส้น
MX11MAP3-1856015,MAXXIS 185/60R15 88H  MAP3,15,185/60R15,MAXXIS,MAP3,1900,1950,3900,5850,7800,3 แถม 1,1950,3900,5850,7800,3 แถม 1
MX04ME3-1856015,MAXXIS 185/60R15 88H-XL  ME3,15,185/60R15,MAXXIS,ME3,---,---,---,---,---,---,---,---,---,---,---
ML02XM2-1856015,MICHELIN 185/60R15 84H ENERGY-XM2,15,185/60R15,MICHELIN,XM2,2990,2990,5980,8970,11960,-,2990,5980,8970,11960,-
BSP13EP150-1856515,BRIDGESTONE  185/65R15 88H  EP150,15,185/65R15,BRIDGESTONE,EP150,2850,2850,5700,8550,11400,---,2850,5700,8550,11400,พิเศษ 2625
DTP20DT30-1856515,DAYTON 185/65R15 88H DT30,15,185/65R15,DAYTON,DT30,1950,---,3900,5850,7800,3 แถม 1,---,3900,5850,7800,3 แถม 1
DL03EC300+-1856515,DUNLOP 185/65R15 88T EC300+,15,185/65R15,DUNLOP,EC300+,2200,2200,4400,6600,8800,3 แถม 1,2200,4400,6600,8800,3 แถม 1
FSP04F01-1856515,FIRESTONE 185/65R15 88H F01,15,185/65R15,FIRESTONE,F01,2100,2100,4200,6300,8400,---,2100,4200,6300,8400,ลด 800 เมื่อเปลี่ยน 4 เส้น
BSP02RE003-1955015,BRIDGESTONE 195/50R15 82W RE003,15,195/50R15,BRIDGESTONE,RE003,3450,---,6900,10350,13800,---,---,6900,10350,13800,ลด 800 เมื่อเปลี่ยน 4 เส้น
DTP05DT30-1955015,DAYTON 195/50R15 82H DT30,15,195/50R15,DAYTON,DT30,1850,2250,4500,6750,9000,3 แถม 1,2250,4500,6750,9000,3 แถม 1
DL05LM704-1955015,DUNLOP 195/50R15 82V LM704,15,195/50R15,DUNLOP,LM704,---,---,---,---,---,---,---,---,---,---,---
FSP09F01-1955015,FIRESTONE 195/50R15 82V F01,15,195/50R15,FIRESTONE,F01,1900,---,3800,5700,7600,---,---,3800,5700,7600,ลด 800 เมื่อเปลี่ยน 4 เส้น
FSP03FHS01-1955015,FIRESTONE 195/50R15 82V Firehawk-S01,15,195/50R15,FIRESTONE,FH SPORT01,2450,2450,4900,7350,9800,---,2450,4900,7350,9800,ลด 800 เมื่อเปลี่ยน 4 เส้น
MX01i-Pro-1955015,MAXXIS 195/50R15 86V  i-Pro,15,195/50R15,MAXXIS,I-PRO,1950,2200,4400,6600,8800,3 แถม 1,2200,4400,6600,8800,3 แถม 1
BSP06EP300-1955515,BRIDGESTONE 195/55R15 85V EP300,15,195/55R15,BRIDGESTONE,EP300,3400,3400,6800,10200,13600,---,3400,6800,10200,13600,ลด 800 เมื่อเปลี่ยน 4 เส้น
BSP01RE003-1955515,BRIDGESTONE 195/55R15 85W RE003,15,195/55R15,BRIDGESTONE,RE003,3400,3400,6800,10200,13600,---,3400,6800,10200,13600,ลด 800 เมื่อเปลี่ยน 4 เส้น
DTP01DT30-1955515,DAYTON 195/55R15 85H DT30,15,195/55R15,DAYTON,DT30,1850,2250,4500,6750,9000,3 แถม 1,2250,4500,6750,9000,3 แถม 1
DL01R1-1955515,DUNLOP 195/55R15 85H TOURING-R1,15,195/55R15,DUNLOP,R1,1990,2400,4800,7200,9600,3 แถม 1,2400,4800,7200,9600,3 แถม 1
FSP08F01-1955515,FIRESTONE 195/55R15 85V F01,15,195/55R15,FIRESTONE,F01,2100,2100,4200,6300,8400,---,2100,4200,6300,8400,ลด 800 เมื่อเปลี่ยน 4 เส้น
FSP02FHS01-1955515,FIRESTONE 195/55R15 85V Firehawk-S01,15,195/55R15,FIRESTONE,FH SPORT01,2450,2450,4900,7350,9800,---,2450,4900,7350,9800,ลด 800 เมื่อเปลี่ยน 4 เส้น
MX02i-Pro-1955515,MAXXIS 195/55R15 85V  i-Pro,15,195/55R15,MAXXIS,I-PRO,2100,2200,4400,6600,8800,3 แถม 1,2200,4400,6600,8800,3 แถม 1
BSP07EP300-1956015,BRIDGESTONE 195/60R15 88V EP300,15,195/60R15,BRIDGESTONE,EP300,2650,2650,5300,7950,10600,---,2650,5300,7950,10600,ลด 800 เมื่อเปลี่ยน 4 เส้น
DTP03DT30-1956015,DAYTON 195/60R15 88H DT30,15,195/60R15,DAYTON,DT30,1850,2150,4300,6450,8600,3 แถม 1,2150,4300,6450,8600,3 แถม 1
DL03R1-1956015,DUNLOP 195/60R15 88H TOURING-R1,15,195/60R15,DUNLOP,R1,1770,2250,4500,6750,9000,3 แถม 1,2250,4500,6750,9000,3 แถม 1
FSP07F01-1956015,FIRESTONE 195/60R15 88V F01,15,195/60R15,FIRESTONE,F01,1950,1950,3900,5850,7800,---,1950,3900,5850,7800,พิเศษ 2000
MX17MAP3-1956015,MAXXIS 195/60R15 88H MAP3,15,195/60R15,MAXXIS,MAP3,1800,2050,4100,6150,8200,3 แถม 1,2050,4100,6150,8200,3 แถม 1
MX10ME3-1956015,MAXXIS 195/60R15 88H  ME3,15,195/60R15,MAXXIS,ME3,---,2050,4100,6150,8200,3 แถม 1,2050,4100,6150,8200,3 แถม 1
BSP08EP300-1956515,BRIDGESTONE 195/65R15 91V EP300,15,195/65R15,BRIDGESTONE,EP300,2750,2750,5500,8250,11000,---,2750,5500,8250,11000,ลด 800 เมื่อเปลี่ยน 4 เส้น
BSP01T005A-1956515,BRIDGESTONE 195/65R15 91V T005A,15,195/65R15,BRIDGESTONE,T005A,3050,3050,6100,9150,12200,---,3050,6100,9150,12200,ลด 800 เมื่อเปลี่ยน 4 เส้น
DTP21DT30-1956515,DAYTON 195/65R15 91V DT30,15,195/65R15,DAYTON,DT30,1700,2200,4400,6600,8800,3 แถม 1,2200,4400,6600,8800,3 แถม 1
DL04R1-1956515,DUNLOP 195/65R15 91H TOURING-R1,15,195/65R15,DUNLOP,R1,2200,2300,4600,6900,9200,3 แถม 1,2300,4600,6900,9200,3 แถม 1
FSP06F01-1956515,FIRESTONE 195/65R15 91V F01,15,195/65R15,FIRESTONE,F01,1950,1950,3900,5850,7800,---,1950,3900,5850,7800,ลด 800 เมื่อเปลี่ยน 4 เส้น
MX18MAP3-1956515,MAXXIS 195/65R15 91H MAP3,15,195/65R15,MAXXIS,MAP3,1900,2050,4100,6150,8200,3 แถม 1,2050,4100,6150,8200,3 แถม 1
BSP09EP300-2056015,BRIDGESTONE 205/60R15 91V EP300,15,205/60R15,BRIDGESTONE,EP300,3450,3450,6900,10350,13800,---,3450,6900,10350,13800,ลด 800 เมื่อเปลี่ยน 4 เส้น
MX22MAP3-2056015,MAXXIS 205/60R15 91H MAP3,15,205/60R15,MAXXIS,MAP3,2250,2500,5000,7500,10000,3 แถม 1,2500,5000,7500,10000,3 แถม 1
DTP06DT30-2056515,DAYTON 205/65R15 94H DT30,15,205/65R15,DAYTON,DT30,1950,---,3900,5850,7800,3 แถม 1,---,3900,5850,7800,3 แถม 1
FSP10F01-2056515,FIRESTONE 205/65R15 94V F01,15,205/65R15,FIRESTONE,F01,2150,---,4300,6450,8600,---,---,4300,6450,8600,ลด 800 เมื่อเปลี่ยน 4 เส้น
MX15ME3-2056515,MAXXIS 205/65R15 94H  ME3,15,205/65R15,MAXXIS,ME3,2300,2500,5000,7500,10000,3 แถม 1,2500,5000,7500,10000,3 แถม 1
BSP11EP300-1855516,BRIDGESTONE 185/55R16 83V EP300,16,185/55R16,BRIDGESTONE,EP300,3600,3600,7200,10800,14400,---,3600,7200,10800,14400,ลด 800 เมื่อเปลี่ยน 4 เส้น
DTP23DT30-1855516,DAYTON 185/55R16 83V DT30,16,185/55R16,DAYTON,DT30,2050,2600,5200,7800,10400,3 แถม 1,2600,5200,7800,10400,3 แถม 1
FSP04FHS01-1855516,FIRESTONE 185/55R16 83V Firehawk-S01,16,185/55R16,FIRESTONE,FH SPORT01,3150,3150,6300,9450,12600,---,3150,6300,9450,12600,ลด 800 เมื่อเปลี่ยน 4 เส้น
FSP18TZ700-1855516,FIRESTONE 185/55R16  83H TZ700,16,185/55R16,FIRESTONE,TZ700,3000,---,6000,9000,12000,---,---,6000,9000,12000,ลด 800 เมื่อเปลี่ยน 4 เส้น
GY01EXCE-1855516,GOODYEAR 185/55R16 83H EXCELLENCE,16,185/55R16,GOODYEAR,EXCELLENCE,---,---,---,---,---,---,---,---,---,---,---
MX12MS800-1855516,MAXXIS 185/55R16 - MS800,16,185/55R16,MAXXIS,MS800,2200,2400,4800,7200,9600,3 แถม 1,2400,4800,7200,9600,3 แถม 1
ML01XM2-1855516,MICHELIN 185/55R16 83V ENERGY-XM2,16,185/55R16,MICHELIN,XM2,---,---,---,---,---,---,---,---,---,---,---
DL02EC300+-1856016,DUNLOP 185/60R16 86H EC300+,16,185/60R16,DUNLOP,EC300+,2650,---,5300,7950,10600,3 แถม 1,---,5300,7950,10600,3 แถม 1
DL01SP2050-1954516,DUNLOP 195/45R16 80W SP2050,16,195/45R16,DUNLOP,SP2050,---,---,---,---,---,3 แถม 1,---,---,---,---,3 แถม 1
BSP12EP300-1955016,BRIDGESTONE 195/50R16 84V EP300,16,195/50R16,BRIDGESTONE,EP300,3650,3650,7300,10950,14600,---,3650,7300,10950,14600,ลด 800 เมื่อเปลี่ยน 4 เส้น
BSP01ER33-1955016,BRIDGESTONE  195/50R16 84V  ER33,16,195/50R16,BRIDGESTONE,ER33,---,---,---,---,---,---,---,---,---,---,---
BSP34T005A-1955016,BRIDGESTONE 195/50R16 84V T005A,16,195/50R16,BRIDGESTONE,T005A,3750,3750,7500,11250,15000,---,3750,7500,11250,15000,ลด 800 เมื่อเปลี่ยน 4 เส้น
FSP11F01-1955016,FIRESTONE 195/50R16 84V F01,16,195/50R16,FIRESTONE,F01,3150,---,6300,9450,12600,---,---,6300,9450,12600,ลด 800 เมื่อเปลี่ยน 4 เส้น
MX04HP5-1955016,MAXXIS 195/50R16 88V HP5,16,195/50R16,MAXXIS,HP5,2300,2600,5200,7800,10400,3 แถม 1,2600,5200,7800,10400,3 แถม 1
YO01ES32-1955016,YOKOHAMA 195/50R16 84V BLUEARTH-ES32,16,195/50R16,YOKOHAMA,ES32,---,---,---,---,---,---,---,---,---,---,---
BSP13EP300-1955516,BRIDGESTONE 195/55R16 87V EP300,16,195/55R16,BRIDGESTONE,EP300,3750,---,7500,11250,15000,---,---,7500,11250,15000,ลด 800 เมื่อเปลี่ยน 4 เส้น
BSP14EP150-1956016,BRIDGESTONE  195/60R16 89H  EP150,16,195/60R16,BRIDGESTONE,EP150,3650,---,7300,10950,14600,---,---,7300,10950,14600,ลด 800 เมื่อเปลี่ยน 4 เส้น
BSP14EP300-2055516,BRIDGESTONE 205/55R16 91V EP300,16,205/55R16,BRIDGESTONE,EP300,4250,4250,8500,12750,17000,---,4250,8500,12750,17000,ลด 800 เมื่อเปลี่ยน 4 เส้น
BSP07T005A-2055516,BRIDGESTONE 205/55R16 91V T005A,16,205/55R16,BRIDGESTONE,T005A,4650,4650,9300,13950,18600,---,4650,9300,13950,18600,ลด 800 เมื่อเปลี่ยน 4 เส้น
DTP24DT30-2055516,DAYTON 205/55R16 91V DT30,16,205/55R16,DAYTON,DT30,2050,2600,5200,7800,10400,3 แถม 1,2600,5200,7800,10400,3 แถม 1
DL07R1-2055516,DUNLOP 205/55R16 91H TOURING-R1,16,205/55R16,DUNLOP,R1,3200,3200,6400,9600,12800,3 แถม 1,3200,6400,9600,12800,3 แถม 1
FSP12F01-2055516,FIRESTONE 205/55R16 91V F01,16,205/55R16,FIRESTONE,F01,2650,2650,5300,7950,10600,---,2650,5300,7950,10600,ลด 800 เมื่อเปลี่ยน 4 เส้น
FSP05FHS01-2055516,FIRESTONE 205/55R16 91V Firehawk-S01,16,205/55R16,FIRESTONE,FH SPORT01,3250,3250,6500,9750,13000,---,3250,6500,9750,13000,ลด 800 เมื่อเปลี่ยน 4 เส้น
MX06HP5-2055516,MAXXIS 205/55R16 94W HP5,16,205/55R16,MAXXIS,HP5,2300,2850,5700,8550,11400,3 แถม 1,2850,5700,8550,11400,3 แถม 1
MX08i-Pro-2055516,MAXXIS 205/55ZR16 94W  i-Pro,16,205/55R16,MAXXIS,I-PRO,2300,---,4600,6900,9200,3 แถม 1,---,4600,6900,9200,3 แถม 1
DL04EC300+-2056016,DUNLOP 205/60R16 92H EC300+,16,205/60R16,DUNLOP,EC300+,4100,4000,8000,12000,16000,3 แถม 1,4000,8000,12000,16000,3 แถม 1
FSP14F01-2056016,FIRESTONE 205/60R16 92V F01,16,205/60R16,FIRESTONE,F01,2950,2950,5900,8850,11800,---,2950,5900,8850,11800,ลด 800 เมื่อเปลี่ยน 4 เส้น
BSP08T005A-2155516,BRIDGESTONE 215/55R16 93V T005A,16,215/55R16,BRIDGESTONE,T005A,---,---,---,---,---,---,---,---,---,---,---
DL07LM704-2155516,DUNLOP 215/55R16 93V LM704,16,215/55R16,DUNLOP,LM704,4000,---,8000,12000,16000,3 แถม 1,---,8000,12000,16000,3 แถม 1
BSP10EP300-2156016,BRIDGESTONE 215/60R16 95V EP300,16,215/60R16,BRIDGESTONE,EP300,4350,4350,8700,13050,17400,---,4350,8700,13050,17400,ลด 800 เมื่อเปลี่ยน 4 เส้น
BSP04T005A-2156016,BRIDGESTONE 215/60R16 95V T005A,16,215/60R16,BRIDGESTONE,T005A,4800,4800,9600,14400,19200,---,4800,9600,14400,19200,ลด 800 เมื่อเปลี่ยน 4 เส้น
DTP22DT30-2156016,DAYTON 215/60R16 95V DT30,16,215/60R16,DAYTON,DT30,2150,2750,5500,8250,11000,3 แถม 1,2750,5500,8250,11000,3 แถม 1
FSP17F01-2156016,FIRESTONE 215/60R16 97V F01,16,215/60R16,FIRESTONE,F01,2700,2700,5400,8100,10800,---,2700,5400,8100,10800,ลด 800 เมื่อเปลี่ยน 4 เส้น
MX16ME3-2156016,MAXXIS 215/60R16 99H-XL  ME3,16,215/60R16,MAXXIS,ME3,2500,2700,5400,8100,10800,3 แถม 1,2700,5400,8100,10800,3 แถม 1
ML01PS4-2055016,MICHELIN 205/50R16 91W PILOT-SPORT4-(PS4),16,205/50R16,MICHELIN,PLIOT SPORT4,---,---,---,---,---,---,---,---,---,---,---
BSP13MY02-2054517,BRIDGESTONE  205/45R17 84V  MY02,17,205/45R17,BRIDGESTONE,MY02,3190,3190,6380,9570,12760,---,3190,6380,9570,12760,ลด 800 เมื่อเปลี่ยน 4 เส้น
BSP10RE003-2054517,BRIDGESTONE 205/45R17 88W-XL RE003,17,205/45R17,BRIDGESTONE,RE003,3950,---,7900,11850,15800,---,---,7900,11850,15800,ลด 800 เมื่อเปลี่ยน 4 เส้น
DTP09DT30-2054517,DAYTON 205/45R17 84W DT30,17,205/45R17,DAYTON,DT30,2400,2700,5400,8100,10800,3 แถม 1,2700,5400,8100,10800,3 แถม 1
DL01LM704-2054517,DUNLOP 205/45R17 88W LM704,17,205/45R17,DUNLOP,LM704,3200,3200,6400,9600,12800,3 แถม 1,3200,6400,9600,12800,3 แถม 1
FSP07FHS01-2054517,FIRESTONE 205/45R17 88W-XL Firehawk-S01,17,205/45R17,FIRESTONE,FH SPORT01,3150,3150,6300,9450,12600,---,3150,6300,9450,12600,ลด 1000 เมื่อเปลี่ยน 4 เส้น
MX11i-Pro-2054517,MAXXIS 205/45ZR17 88W  i-Pro,17,205/45ZR17,MAXXIS,I-PRO,2350,2600,5200,7800,10400,3 แถม 1,2600,5200,7800,10400,3 แถม 1
BSP13RE003-2154517,BRIDGESTONE 215/45R17 91W-XL RE003,17,215/45R17,BRIDGESTONE,RE003,4250,---,8500,12750,17000,---,---,8500,12750,17000,ลด 800 เมื่อเปลี่ยน 4 เส้น
DTP10DT30-2154517,DAYTON 215/45R17 91W-XL DT30,17,215/45R17,DAYTON,DT30,2400,2750,5500,8250,11000,3 แถม 1,2750,5500,8250,11000,3 แถม 1
DL01DZ102-2154517,DUNLOP 215/45R17 91W DZ102,17,215/45R17,DUNLOP,DZ102,3750,---,7500,11250,15000,3 แถม 1,---,7500,11250,15000,3 แถม 1
DL02LM704-2154517,DUNLOP 215/45R17 91W LM704,17,215/45R17,DUNLOP,LM704,---,---,---,---,---,---,---,---,---,---,---
FSP15F01-2154517,FIRESTONE 215/45R17 87W F01,17,215/45R17,FIRESTONE,F01,3300,3300,6600,9900,13200,---,3300,6600,9900,13200,ลด 1000 เมื่อเปลี่ยน 4 เส้น
FSP09FHS01-2154517,FIRESTONE 215/45R17 91W-XL Firehawk-S01,17,215/45R17,FIRESTONE,FH SPORT01,3200,3200,6400,9600,12800,---,3200,6400,9600,12800,ลด 1000 เมื่อเปลี่ยน 4 เส้น
MX12i-Pro-2154517,MAXXIS 215/45ZR17 91W  i-Pro,17,215/45ZR17,MAXXIS,I-PRO,2400,2700,5400,8100,10800,3 แถม 1,2700,5400,8100,10800,3 แถม 1
BSP16EP300-2155017,BRIDGESTONE 215/50R17 91V EP300,17,215/50R17,BRIDGESTONE,EP300,4250,---,8500,12750,17000,---,---,8500,12750,17000,ลด 800 เมื่อเปลี่ยน 4 เส้น
BSP14T005A-2155017,BRIDGESTONE 215/50R17 91W T005A,17,215/50R17,BRIDGESTONE,T005A,---,---,---,---,---,---,---,---,---,---,---
FSP24F01-2155017,FIRESTONE 215/50R17 95W XL F01,17,215/50R17,FIRESTONE,F01,3200,3200,6400,9600,12800,---,3200,6400,9600,12800,ลด 1000 เมื่อเปลี่ยน 4 เส้น
FSP10FHS01-2155017,FIRESTONE 215/50R17 91W Firehawk-S01,17,215/50R17,FIRESTONE,FH SPORT01,3600,3600,7200,10800,14400,---,3600,7200,10800,14400,ลด 1000 เมื่อเปลี่ยน 4 เส้น
BSP19EP300-2155517,BRIDGESTONE 215/55R17 94V EP300,17,215/55R17,BRIDGESTONE,EP300,4600,4600,9200,13800,18400,---,4600,9200,13800,18400,ลด 800 เมื่อเปลี่ยน 4 เส้น
BSP11RE003-2155517,BRIDGESTONE 215/55R17 94W RE003,17,215/55R17,BRIDGESTONE,RE003,5650,---,11300,16950,22600,---,---,11300,16950,22600,ลด 800 เมื่อเปลี่ยน 4 เส้น
BSP11T005A-2155517,BRIDGESTONE 215/55R17 94W T005A,17,215/55R17,BRIDGESTONE,T005A,5100,5100,10200,15300,20400,---,5100,10200,15300,20400,ลด 800 เมื่อเปลี่ยน 4 เส้น
DTP07DT30-2155517,DAYTON 215/55R17 94W DT30,17,215/55R17,DAYTON,DT30,2500,2900,5800,8700,11600,3 แถม 1,2900,5800,8700,11600,3 แถม 1
DL03LM704-2155517,DUNLOP 215/45R17 91W LM704,17,215/55R17,DUNLOP,LM704,4000,4200,8400,12600,16800,3 แถม 1,4200,8400,12600,16800,3 แถม 1
FSP16F01-2155517,FIRESTONE 215/55R17 94V F01,17,215/55R17,FIRESTONE,F01,3450,3450,6900,10350,13800,---,3450,6900,10350,13800,ลด 1000 เมื่อเปลี่ยน 4 เส้น
FSP11FHS01-2155517,FIRESTONE 215/55R17 94W Firehawk-S01,17,215/55R17,FIRESTONE,FH SPORT01,3400,3400,6800,10200,13600,---,3400,6800,10200,13600,ลด 1000 เมื่อเปลี่ยน 4 เส้น
MX18i-Pro-2155517,MAXXIS 215/55ZR17 98W  i-Pro,17,215/55R17,MAXXIS,I-PRO,2500,2750,5500,8250,11000,3 แถม 1,2750,5500,8250,11000,3 แถม 1
DTP11DT30-2254517,DAYTON 225/45R17 94W-XL DT30,17,225/45R17,DAYTON,DT30,2600,3050,6100,9150,12200,3 แถม 1,3050,6100,9150,12200,3 แถม 1
FSP18F01-2254517,FIRESTONE 225/45R17 87W F01,17,225/45R17,FIRESTONE,F01,3700,---,7400,11100,14800,---,---,7400,11100,14800,ลด 1000 เมื่อเปลี่ยน 4 เส้น
BSP17EP300-2255017,BRIDGESTONE 225/50R17 94V EP300,17,225/50R17,BRIDGESTONE,EP300,5300,5300,10600,15900,21200,---,5300,10600,15900,21200,ลด 800 เมื่อเปลี่ยน 4 เส้น
BSP07S001RFT-2255017,BRIDGESTONE 225/50R17 94W S001RFT,17,225/50R17,BRIDGESTONE,S001,---,---,---,---,---,---,---,---,---,---,ลด 800 เมื่อเปลี่ยน 4 เส้น
BSP15T005A-2255017,BRIDGESTONE 225/50R17 94W T005A,17,225/50R17,BRIDGESTONE,T005A,5800,---,11600,17400,23200,---,---,11600,17400,23200,ลด 800 เมื่อเปลี่ยน 4 เส้น
DTP25DT30-2255017,DAYTON 225/50R17 94W DT30,17,225/50R17,DAYTON,DT30,2900,---,5800,8700,11600,3 แถม 1,---,5800,8700,11600,3 แถม 1
FSP13FHS01-2255017,FIRESTONE 225/50R17 94W Firehawk-S01,17,225/50R17,FIRESTONE,FH SPORT01,3900,3900,7800,11700,15600,---,3900,7800,11700,15600,ลด 1000 เมื่อเปลี่ยน 4 เส้น
MX17i-Pro-2255017,MAXXIS 225/50ZR17 98W  i-Pro,17,225/50R17,MAXXIS,I-PRO,2600,2950,5900,8850,11800,3 แถม 1,2950,5900,8850,11800,3 แถม 1
BSP15RE003-2255517,BRIDGESTONE 225/55R17 97W RE003,17,225/55R17,BRIDGESTONE,RE003,5850,---,11700,17550,23400,---,---,11700,17550,23400,ลด 800 เมื่อเปลี่ยน 4 เส้น
DTP08DT30-2255517,DAYTON 225/55R17 97W DT30,17,225/55R17,DAYTON,DT30,2600,3100,6200,9300,12400,3 แถม 1,3100,6200,9300,12400,3 แถม 1
FSP19F01-2255517,FIRESTONE 225/55R17 97V F01,17,225/55R17,FIRESTONE,F01,3800,3800,7600,11400,15200,---,3800,7600,11400,15200,ลด 1000 เมื่อเปลี่ยน 4 เส้น
MX19i-Pro-2255517,MAXXIS 225/55ZR17 101W  i-Pro,17,225/55ZR17,MAXXIS,I-PRO,2600,---,5200,7800,10400,3 แถม 1,---,5200,7800,10400,3 แถม 1
MX14i-Pro-2354517,MAXXIS 235/45ZR17 97W  i-Pro,17,235/45ZR17,MAXXIS,I-PRO,3100,---,6200,9300,12400,3 แถม 1,---,6200,9300,12400,3 แถม 1
BSP19T005A-2454517,BRIDGESTONE 245/45R17 95W T005A,17,245/45R17,BRIDGESTONE,T005A,---,---,---,---,---,---,---,---,---,---,---
DL01MAXXTT-2154518,DUNLOP 215/45R18 89W SPORT-MAXX-TT,18,215/45R18,DUNLOP,SPORT-MAXX-TT,5500,---,11000,16500,22000,3 แถม 1,---,11000,16500,22000,3 แถม 1
DL06LM704-2254518,DUNLOP 225/45R18 95W LM704,18,225/45R18,DUNLOP,LM704,4750,---,9500,14250,19000,3 แถม 1,---,9500,14250,19000,3 แถม 1
ML01PS3-2354518,MICHELIN 235/45R18 98W PILOT-SPORT3-(PS3),18,235/45R18,MICHELIN,PLIOT SPORT3,---,---,---,---,---,---,---,---,---,---,---
PI05PZE-2454020,PIRELLI 245/40R20 99Y PZERO-(RunFlat),20,245/40R20,PIRELLI,PZERO,---,---,---,---,---,---,---,---,---,---,---
PI04PZE-2753520,PIRELLI 275/35R20 102Y PZERO-(RunFlat),20,245/35R20,PIRELLI,PZERO,---,---,---,---,---,---,---,---,---,---,---
,,,,,,,,,,,,,,,,
,,,,,,,,,,,,,,,,
,,,,,,,,,,,,,,,,
,,,,,,,,,,,,,,,,
,,,,,,,,,,,,,,,,
,,,,,,,,,,,,,,,,
,,,,,,,,,,,,,,,,
,,,,,,,,,,,,,,,,
,,,,,,,,,,,,,,,,
,,,,,,,,,,,,,,,,
,,,,,,,,,,,,,,,,
,,,,,,,,,,,,,,,,
,,,,,,,,,,,,,,,,
,,,,,,,,,,,,,,,,
,,,,,,,,,,,,,,,,
,,,,,,,,,,,,,,,,
,,,,,,,,,,,,,,,,
,,,,,,,,,,,,,,,,
,,,,,,,,,,,,,,,,
,,,,,,,,,,,,,,,,
,,,,,,,,,,,,,,,,
,,,,,,,,,,,,,,,,
,,,,,,,,,,,,,,,,
,,,,,,,,,,,,,,,,
,,,,,,,,,,,,,,,,
