CF_ITEMID,CF_ITEMNAME,CF_WW,CF_BRANCH_NAME,PROMOTION_WW
BSL02D840-2557015C,BRIDGESTONE  255/70R15C 112S  D840,2519,00001,---
BSL02D840-2557015C,BRIDGESTONE  255/70R15C 112S  D840,2519,00001,---
BSL02D840-2557015C,BRIDGESTONE  255/70R15C 112S  D840,2519,00001,---
BSL02D840-2557015C,BRIDGESTONE  255/70R15C 112S  D840,2519,00001,---
BSL02R611-2057015C,BRIDGESTONE  205/70R15C 106S  R611,5118,00001,ปี 18 ลด 30%
BSL02R611-2057015C,BRIDGESTONE  205/70R15C 106S  R611,5118,00001,ปี 18 ลด 30%
BSL02R611-2057015C,BRIDGESTONE  205/70R15C 106S  R611,5118,00001,ปี 18 ลด 30%
BSL02R611-2057015C,BRIDGESTONE  205/70R15C 106S  R611,1019,00001,---
BSL02R611-2057015C,BRIDGESTONE  205/70R15C 106S  R611,1019,00001,---
BSL04R611-2156516C,BRIDGESTONE  215/65R16C 106/104S  R611,3719,00001,---
BSL04R611-2156516C,BRIDGESTONE  215/65R16C 106/104S  R611,3719,00001,---
BSL04R611-2156516C,BRIDGESTONE  215/65R16C 106/104S  R611,3719,00001,---
BSL04R611-2156516C,BRIDGESTONE  215/65R16C 106/104S  R611,3719,00001,---
BSL04R611-2156516C,BRIDGESTONE  215/65R16C 106/104S  R611,3819,00001,---
BSL04R611-2156516C,BRIDGESTONE  215/65R16C 106/104S  R611,3819,00001,---
BSL04R611-2156516C,BRIDGESTONE  215/65R16C 106/104S  R611,3819,00001,---
BSL04R611-2156516C,BRIDGESTONE  215/65R16C 106/104S  R611,3819,00001,---
BSL05R611-2157015C,BRIDGESTONE  215/70R15C 106S  R611,2519,00001,---
BSL05R611-2157015C,BRIDGESTONE  215/70R15C 106S  R611,2519,00001,---
BSL05R611-2157015C,BRIDGESTONE  215/70R15C 106S  R611,2519,00001,---
BSL05R611-2157015C,BRIDGESTONE  215/70R15C 106S  R611,2519,00001,---
BSL05R611-2157015C,BRIDGESTONE  215/70R15C 106S  R611,2519,00001,---
BSL05R611-2157015C,BRIDGESTONE  215/70R15C 106S  R611,2519,00001,---
BSL05R611-2157015C,BRIDGESTONE  215/70R15C 106S  R611,2519,00001,---
BSP01D470-2256517,BRIDGESTONE  225/65R17 102T  D470,3419,00001,---
BSP01D470-2256517,BRIDGESTONE  225/65R17 102T  D470,3619,00001,---
BSP01D470-2256517,BRIDGESTONE  225/65R17 102T  D470,3619,00001,---
BSP01D470-2256517,BRIDGESTONE  225/65R17 102T  D470,3619,00001,---
BSP01D684II-2656517,BRIDGESTONE  265/65R17 112S  D684II,2619,00001,---
BSP01D684II-2656517,BRIDGESTONE  265/65R17 112S  D684II,2619,00001,---
BSP01D684II-2656517,BRIDGESTONE  265/65R17 112S  D684II,4019,00001,---
BSP01D684II-2656517,BRIDGESTONE  265/65R17 112S  D684II,4019,00001,---
BSP01D684II-2656517,BRIDGESTONE  265/65R17 112S  D684II,4019,00001,---
BSP01D684II-2656517,BRIDGESTONE  265/65R17 112S  D684II,4019,00001,---
BSP02D684II-2656018,BRIDGESTONE  265/60R18 110T  D684II,3419,00001,---
BSP02D684II-2656018,BRIDGESTONE  265/60R18 110T  D684II,3419,00001,---
BSP02D684II-2656018,BRIDGESTONE  265/60R18 110T  D684II,3419,00001,---
BSP02D684II-2656018,BRIDGESTONE  265/60R18 110T  D684II,3419,00001,---
BSP03D840-2457016,BRIDGESTONE  245/70R16 111S  D840,2919,00001,---
BSP03D840-2457016,BRIDGESTONE  245/70R16 111S  D840,2919,00001,---
BSP03D840-2457016,BRIDGESTONE  245/70R16 111S  D840,2919,00001,---
BSP03D840-2457016,BRIDGESTONE  245/70R16 111S  D840,2919,00001,---
BSP04D840-2657016,BRIDGESTONE  265/70R16 112S  D840,2819,00001,---
BSP04D840-2657016,BRIDGESTONE  265/70R16 112S  D840,2819,00001,---
BSP04D840-2657016,BRIDGESTONE  265/70R16 112S  D840,2819,00001,---
BSP04D840-2657016,BRIDGESTONE  265/70R16 112S  D840,2819,00001,---
BSP04D840-2657016,BRIDGESTONE  265/70R16 112S  D840,2619,00001,---
BSP04D840-2657016,BRIDGESTONE  265/70R16 112S  D840,2619,00001,---
BSP04D840-2657016,BRIDGESTONE  265/70R16 112S  D840,2619,00001,---
BSP04D840-2657016,BRIDGESTONE  265/70R16 112S  D840,2619,00001,---
BSP05EP150-1756514,BRIDGESTONE  175/65R14 82T  EP150,2919,00001,---
BSP05EP150-1756514,BRIDGESTONE  175/65R14 82T  EP150,2919,00001,---
BSP05EP150-1756514,BRIDGESTONE  175/65R14 82T  EP150,2919,00001,---
BSP05EP150-1756514,BRIDGESTONE  175/65R14 82T  EP150,2919,00001,---
BSP06EP150-1856514,BRIDGESTONE  185/65R14 86H  EP150,2919,00001,---
BSP06EP150-1856514,BRIDGESTONE  185/65R14 86H  EP150,2919,00001,---
BSP06EP150-1856514,BRIDGESTONE  185/65R14 86H  EP150,2919,00001,---
BSP06EP150-1856514,BRIDGESTONE  185/65R14 86H  EP150,2919,00001,---
BSP12EP150-1856015,BRIDGESTONE  185/60R15 84H  EP150,2619,00001,---
BSP12EP150-1856015,BRIDGESTONE  185/60R15 84H  EP150,2619,00001,---
BSP12EP150-1856015,BRIDGESTONE  185/60R15 84H  EP150,4019,00001,---
BSP12EP150-1856015,BRIDGESTONE  185/60R15 84H  EP150,4019,00001,---
BSP12EP150-1856015,BRIDGESTONE  185/60R15 84H  EP150,4019,00001,---
BSP12EP150-1856015,BRIDGESTONE  185/60R15 84H  EP150,4019,00001,---
BSP12EP150-1856015,BRIDGESTONE  185/60R15 84H  EP150,4019,00001,---
BSP12EP150-1856015,BRIDGESTONE  185/60R15 84H  EP150,4019,00001,---
BSP12EP150-1856015,BRIDGESTONE  185/60R15 84H  EP150,4019,00001,---
BSP12EP150-1856015,BRIDGESTONE  185/60R15 84H  EP150,4019,00001,---
BSP12EP150-1856015,BRIDGESTONE  185/60R15 84H  EP150,4019,00001,---
BSP12EP150-1856015,BRIDGESTONE  185/60R15 84H  EP150,4019,00001,---
BSP12EP150-1856015,BRIDGESTONE  185/60R15 84H  EP150,3119,00001,---
BSP12EP150-1856015,BRIDGESTONE  185/60R15 84H  EP150,3119,00001,---
BSP12EP150-1856015,BRIDGESTONE  185/60R15 84H  EP150,3119,00001,---
BSP12EP150-1856015,BRIDGESTONE  185/60R15 84H  EP150,3119,00001,---
BSL01L677-19514C,BRIDGESTONE 195R14C 8PR L677,2519,00001,---
BSL01L677-19514C,BRIDGESTONE 195R14C 8PR L677,2519,00001,---
BSL01L677-19514C,BRIDGESTONE 195R14C 8PR L677,2519,00001,---
BSL01L677-19514C,BRIDGESTONE 195R14C 8PR L677,2519,00001,---
BSL01L677-19514C,BRIDGESTONE 195R14C 8PR L677,2519,00001,---
BSL01L677-19514C,BRIDGESTONE 195R14C 8PR L677,2519,00001,---
BSL01L677-19514C,BRIDGESTONE 195R14C 8PR L677,2519,00001,---
BSL01L677-19514C,BRIDGESTONE 195R14C 8PR L677,2519,00001,---
BSP01RE003-1955515,BRIDGESTONE 195/55R15 85W RE003,1119,00001,---
BSP01RE003-1955515,BRIDGESTONE 195/55R15 85W RE003,1119,00001,---
BSP01RE003-1955515,BRIDGESTONE 195/55R15 85W RE003,1119,00001,---
BSP01RE003-1955515,BRIDGESTONE 195/55R15 85W RE003,1019,00001,---
BSP04EP300-1855515,BRIDGESTONE 185/55R15 82V EP300,4119,00001,---
BSP04EP300-1855515,BRIDGESTONE 185/55R15 82V EP300,4119,00001,---
BSP04EP300-1855515,BRIDGESTONE 185/55R15 82V EP300,4119,00001,---
BSP04EP300-1855515,BRIDGESTONE 185/55R15 82V EP300,4119,00001,---
BSP06EP300-1955515,BRIDGESTONE 195/55R15 85V EP300,2019,00001,---
BSP06EP300-1955515,BRIDGESTONE 195/55R15 85V EP300,2019,00001,---
BSP06EP300-1955515,BRIDGESTONE 195/55R15 85V EP300,2019,00001,---
BSP06EP300-1955515,BRIDGESTONE 195/55R15 85V EP300,2119,00001,---
BSP06EP300-1955515,BRIDGESTONE 195/55R15 85V EP300,2019,00001,---
BSP06EP300-1955515,BRIDGESTONE 195/55R15 85V EP300,2019,00001,---
BSP06EP300-1955515,BRIDGESTONE 195/55R15 85V EP300,2019,00001,---
BSP06EP300-1955515,BRIDGESTONE 195/55R15 85V EP300,2019,00001,---
BSP07EP300-1956015,BRIDGESTONE 195/60R15 88V EP300,3519,00001,---
BSP07EP300-1956015,BRIDGESTONE 195/60R15 88V EP300,3619,00001,---
BSP07EP300-1956015,BRIDGESTONE 195/60R15 88V EP300,3619,00001,---
BSP07EP300-1956015,BRIDGESTONE 195/60R15 88V EP300,3619,00001,---
BSP07EP300-1956015,BRIDGESTONE 195/60R15 88V EP300,3619,00001,---
BSP07EP300-1956015,BRIDGESTONE 195/60R15 88V EP300,3619,00001,---
BSP07EP300-1956015,BRIDGESTONE 195/60R15 88V EP300,3619,00001,---
BSP09EP300-2056015,BRIDGESTONE 205/60R15 91V EP300,2619,00001,---
BSP09EP300-2056015,BRIDGESTONE 205/60R15 91V EP300,2519,00001,---
BSP09EP300-2056015,BRIDGESTONE 205/60R15 91V EP300,2519,00001,---
BSP09EP300-2056015,BRIDGESTONE 205/60R15 91V EP300,2519,00001,---
BSP11EP300-1855516,BRIDGESTONE 185/55R16 83V EP300,3219,00001,---
BSP11EP300-1855516,BRIDGESTONE 185/55R16 83V EP300,3219,00001,---
BSP11EP300-1855516,BRIDGESTONE 185/55R16 83V EP300,3219,00001,---
BSP11EP300-1855516,BRIDGESTONE 185/55R16 83V EP300,3219,00001,---
BSP11EP300-1855516,BRIDGESTONE 185/55R16 83V EP300,3219,00001,---
BSP11EP300-1855516,BRIDGESTONE 185/55R16 83V EP300,3219,00001,---
BSP12EP300-1955016,BRIDGESTONE 195/50R16 84V EP300,3719,00001,---
BSP12EP300-1955016,BRIDGESTONE 195/50R16 84V EP300,3719,00001,---
BSP12EP300-1955016,BRIDGESTONE 195/50R16 84V EP300,3719,00001,---
BSP12EP300-1955016,BRIDGESTONE 195/50R16 84V EP300,3719,00001,---
BSP14EP300-2055516,BRIDGESTONE 205/55R16 91V EP300,3519,00001,---
BSP14EP300-2055516,BRIDGESTONE 205/55R16 91V EP300,3519,00001,---
BSP14EP300-2055516,BRIDGESTONE 205/55R16 91V EP300,3519,00001,---
BSP14EP300-2055516,BRIDGESTONE 205/55R16 91V EP300,3519,00001,---
BSP19EP300-2155517,BRIDGESTONE 215/55R17 94V EP300,2119,00001,---
BSP19EP300-2155517,BRIDGESTONE 215/55R17 94V EP300,2119,00001,---
BSP19EP300-2155517,BRIDGESTONE 215/55R17 94V EP300,2119,00001,---
BSP19EP300-2155517,BRIDGESTONE 215/55R17 94V EP300,2119,00001,---
BSP19EP300-2155517,BRIDGESTONE 215/55R17 94V EP300,2119,00001,---
BSP19EP300-2155517,BRIDGESTONE 215/55R17 94V EP300,2119,00001,---
BSP19EP300-2155517,BRIDGESTONE 215/55R17 94V EP300,2119,00001,---
BSP19EP300-2155517,BRIDGESTONE 215/55R17 94V EP300,2119,00001,---
BSP01T005A-1956515,BRIDGESTONE 195/65R15 91V T005A,0719,00001,---
BSP01T005A-1956515,BRIDGESTONE 195/65R15 91V T005A,0919,00001,---
BSP07T005A-2055516,BRIDGESTONE 205/55R16 91V T005A,2219,00001,---
BSP07T005A-2055516,BRIDGESTONE 205/55R16 91V T005A,2219,00001,---
BSP07T005A-2055516,BRIDGESTONE 205/55R16 91V T005A,2219,00001,---
BSP07T005A-2055516,BRIDGESTONE 205/55R16 91V T005A,2219,00001,---
BSP07T005A-2055516,BRIDGESTONE 205/55R16 91V T005A,2219,00001,---
BSP07T005A-2055516,BRIDGESTONE 205/55R16 91V T005A,2219,00001,---
BSP07T005A-2055516,BRIDGESTONE 205/55R16 91V T005A,2219,00001,---
BSP11T005A-2155517,BRIDGESTONE 215/55R17 94W T005A,3519,00001,---
BSP11T005A-2155517,BRIDGESTONE 215/55R17 94W T005A,3519,00001,---
BSP11T005A-2155517,BRIDGESTONE 215/55R17 94W T005A,2419,00001,---
BSP11T005A-2155517,BRIDGESTONE 215/55R17 94W T005A,2419,00001,---
BSP06EPH/L001-2457016,BRIDGESTONE 245/70R16 111H-XL EP-H/L001,2119,00001,---
BSP06EPH/L001-2457016,BRIDGESTONE 245/70R16 111H-XL EP-H/L001,2119,00001,---
BSP06EPH/L001-2457016,BRIDGESTONE 245/70R16 111H-XL EP-H/L001,2119,00001,---
BSP06EPH/L001-2457016,BRIDGESTONE 245/70R16 111H-XL EP-H/L001,2119,00001,---
FSL01CV9000-19514C,FIRESTONE 195R14C 8PR CV9000,3719,00001,---
FSL01CV9000-19514C,FIRESTONE 195R14C 8PR CV9000,3719,00001,---
FSL01CV9000-19514C,FIRESTONE 195R14C 8PR CV9000,3719,00001,---
FSL01CV9000-19514C,FIRESTONE 195R14C 8PR CV9000,3719,00001,---
FSL01CV9000-19514C,FIRESTONE 195R14C 8PR CV9000,3719,00001,---
FSL01CV9000-19514C,FIRESTONE 195R14C 8PR CV9000,3719,00001,---
FSL01CV9000-19514C,FIRESTONE 195R14C 8PR CV9000,3719,00001,---
FSL01CV9000-19514C,FIRESTONE 195R14C 8PR CV9000,3719,00001,---
FSP06LE02-2256517,FIRESTONE 225/65R17 102H LE-02,1719,00001,---
FSP06LE02-2256517,FIRESTONE 225/65R17 102H LE-02,1719,00001,---
FSP06LE02-2256517,FIRESTONE 225/65R17 102H LE-02,1719,00001,---
FSP06LE02-2256517,FIRESTONE 225/65R17 102H LE-02,1719,00001,---
FSP08LE02-2656517,FIRESTONE 265/65R17 112H LE-02,1019,00001,---
FSP08LE02-2656517,FIRESTONE 265/65R17 112H LE-02,1019,00001,---
FSP08LE02-2656517,FIRESTONE 265/65R17 112H LE-02,1019,00001,---
FSP08LE02-2656517,FIRESTONE 265/65R17 112H LE-02,1019,00001,---
FSP01F01-1756514,FIRESTONE 175/65R14 82H F01,1918,00001,ปี 18 ลด 30%
FSP01F01-1756514,FIRESTONE 175/65R14 82H F01,1918,00001,ปี 18 ลด 30%
FSP01F01-1756514,FIRESTONE 175/65R14 82H F01,1918,00001,ปี 18 ลด 30%
FSP01F01-1756514,FIRESTONE 175/65R14 82H F01,1918,00001,ปี 18 ลด 30%
FSP01F01-1756514,FIRESTONE 175/65R14 82H F01,1918,00001,ปี 18 ลด 30%
FSP01F01-1756514,FIRESTONE 175/65R14 82H F01,1918,00001,ปี 18 ลด 30%
FSP01F01-1756514,FIRESTONE 175/65R14 82H F01,1918,00001,ปี 18 ลด 30%
FSP01F01-1756514,FIRESTONE 175/65R14 82H F01,1918,00001,ปี 18 ลด 30%
FSP01F01-1756514,FIRESTONE 175/65R14 82H F01,1918,00001,ปี 18 ลด 30%
FSL03LE02-2157015,FIRESTONE 215/70R15C 106/104S LE-02,3119,00001,---
FSL03LE02-2157015,FIRESTONE 215/70R15C 106/104S LE-02,3019,00001,---
FSL03LE02-2157015,FIRESTONE 215/70R15C 106/104S LE-02,3119,00001,---
FSL03LE02-2157015,FIRESTONE 215/70R15C 106/104S LE-02,3119,00001,---
FSL05LE02-2157016,FIRESTONE 215/70R16C 108/106S LE-02,1919,00001,---
FSL05LE02-2157016,FIRESTONE 215/70R16C 108/106S LE-02,1919,00001,---
FSL05LE02-2157016,FIRESTONE 215/70R16C 108/106S LE-02,2919,00001,---
FSL05LE02-2157016,FIRESTONE 215/70R16C 108/106S LE-02,2919,00001,---
FSL06LE02-2156516,FIRESTONE 215/65R16C 106/104S LE-02,0319,00001,---
FSL06LE02-2156516,FIRESTONE 215/65R16C 106/104S LE-02,0319,00001,---
FSL06LE02-2156516,FIRESTONE 215/65R16C 106/104S LE-02,2319,00001,---
FSL06LE02-2156516,FIRESTONE 215/65R16C 106/104S LE-02,2319,00001,---
FSL06LE02-2156516,FIRESTONE 215/65R16C 106/104S LE-02,2319,00001,---
FSL06LE02-2156516,FIRESTONE 215/65R16C 106/104S LE-02,2319,00001,---
FSL06LE02-2156516,FIRESTONE 215/65R16C 106/104S LE-02,2319,00001,---
FSL06LE02-2156516,FIRESTONE 215/65R16C 106/104S LE-02,2319,00001,---
FSL06LE02-2156516,FIRESTONE 215/65R16C 106/104S LE-02,2419,00001,---
FSL06LE02-2156516,FIRESTONE 215/65R16C 106/104S LE-02,2419,00001,---
FSL06LE02-2156516,FIRESTONE 215/65R16C 106/104S LE-02,2419,00001,---
FSL06LE02-2156516,FIRESTONE 215/65R16C 106/104S LE-02,2419,00001,---
FSL06LE02-2156516,FIRESTONE 215/65R16C 106/104S LE-02,2419,00001,---
FSL06LE02-2156516,FIRESTONE 215/65R16C 106/104S LE-02,2419,00001,---
FSL06LE02-2156516,FIRESTONE 215/65R16C 106/104S LE-02,2419,00001,---
FSL06LE02-2156516,FIRESTONE 215/65R16C 106/104S LE-02,2419,00001,---
FSP02FHS01-1955515,FIRESTONE 195/55R15 85V Firehawk-S01,3319,00001,---
FSP02FHS01-1955515,FIRESTONE 195/55R15 85V Firehawk-S01,3319,00001,---
FSP02FHS01-1955515,FIRESTONE 195/55R15 85V Firehawk-S01,3319,00001,---
FSP02FHS01-1955515,FIRESTONE 195/55R15 85V Firehawk-S01,3319,00001,---
FSP05FHS01-2055516,FIRESTONE 205/55R16 91V Firehawk-S01,0819,00001,---
FSP05FHS01-2055516,FIRESTONE 205/55R16 91V Firehawk-S01,0819,00001,---
FSP05FHS01-2055516,FIRESTONE 205/55R16 91V Firehawk-S01,0819,00001,---
FSP05FHS01-2055516,FIRESTONE 205/55R16 91V Firehawk-S01,0819,00001,---
FSP05FHS01-2055516,FIRESTONE 205/55R16 91V Firehawk-S01,0819,00001,---
FSP05FHS01-2055516,FIRESTONE 205/55R16 91V Firehawk-S01,0819,00001,---
FSP05FHS01-2055516,FIRESTONE 205/55R16 91V Firehawk-S01,0819,00001,---
FSP05FHS01-2055516,FIRESTONE 205/55R16 91V Firehawk-S01,0819,00001,---
FSP07FHS01-2054517,FIRESTONE 205/45R17 88W-XL Firehawk-S01,1318,00001,ปี 18 ลด 30%
FSP07FHS01-2054517,FIRESTONE 205/45R17 88W-XL Firehawk-S01,1318,00001,ปี 18 ลด 30%
FSP07FHS01-2054517,FIRESTONE 205/45R17 88W-XL Firehawk-S01,2818,00001,ปี 18 ลด 30%
FSP07FHS01-2054517,FIRESTONE 205/45R17 88W-XL Firehawk-S01,2818,00001,ปี 18 ลด 30%
MX12MS800-1855516,MAXXIS 185/55R16 - MS800,4119,00001,---
MX12MS800-1855516,MAXXIS 185/55R16 - MS800,4119,00001,---
MX12MS800-1855516,MAXXIS 185/55R16 - MS800,4119,00001,---
MX12MS800-1855516,MAXXIS 185/55R16 - MS800,4119,00001,---
MX12MS800-1855516,MAXXIS 185/55R16 - MS800,4119,00001,---
MX12MS800-1855516,MAXXIS 185/55R16 - MS800,4119,00001,---
MX12MS800-1855516,MAXXIS 185/55R16 - MS800,4219,00001,---
MX12MS800-1855516,MAXXIS 185/55R16 - MS800,4219,00001,---
MX01i-Pro-1955015,MAXXIS 195/50R15 86V  i-Pro,4119,00001,---
MX01i-Pro-1955015,MAXXIS 195/50R15 86V  i-Pro,4119,00001,---
MX01i-Pro-1955015,MAXXIS 195/50R15 86V  i-Pro,4119,00001,---
MX01i-Pro-1955015,MAXXIS 195/50R15 86V  i-Pro,4119,00001,---
MX11i-Pro-2054517,MAXXIS 205/45ZR17 88W  i-Pro,1919,00001,---
MX11i-Pro-2054517,MAXXIS 205/45ZR17 88W  i-Pro,1919,00001,---
MX11i-Pro-2054517,MAXXIS 205/45ZR17 88W  i-Pro,2619,00001,---
MX11i-Pro-2054517,MAXXIS 205/45ZR17 88W  i-Pro,2619,00001,---
MX12i-Pro-2154517,MAXXIS 215/45ZR17 91W  i-Pro,2719,00001,---
MX12i-Pro-2154517,MAXXIS 215/45ZR17 91W  i-Pro,2719,00001,---
MX12i-Pro-2154517,MAXXIS 215/45ZR17 91W  i-Pro,2719,00001,---
MX12i-Pro-2154517,MAXXIS 215/45ZR17 91W  i-Pro,2719,00001,---
MX12i-Pro-2154517,MAXXIS 215/45ZR17 91W  i-Pro,2719,00001,---
MX12i-Pro-2154517,MAXXIS 215/45ZR17 91W  i-Pro,2719,00001,---
MX12i-Pro-2154517,MAXXIS 215/45ZR17 91W  i-Pro,2719,00001,---
MX12i-Pro-2154517,MAXXIS 215/45ZR17 91W  i-Pro,2719,00001,---
MX18i-Pro-2155517,MAXXIS 215/55ZR17 98W  i-Pro,4219,00001,---
MX18i-Pro-2155517,MAXXIS 215/55ZR17 98W  i-Pro,4219,00001,---
MX18i-Pro-2155517,MAXXIS 215/55ZR17 98W  i-Pro,4219,00001,---
MX18i-Pro-2155517,MAXXIS 215/55ZR17 98W  i-Pro,4219,00001,---
MX20i-Pro-2254018,MAXXIS 225/40ZR18 92W  i-Pro,1919,00001,---
MX20i-Pro-2254018,MAXXIS 225/40ZR18 92W  i-Pro,2219,00001,---
MX20i-Pro-2254018,MAXXIS 225/40ZR18 92W  i-Pro,3418,00001,ปี 18 ลด 30%
MX20i-Pro-2254018,MAXXIS 225/40ZR18 92W  i-Pro,3418,00001,ปี 18 ลด 30%
MX23i-Pro-2254518,MAXXIS 225/45ZR18 95W  i-Pro,4319,00001,---
MX23i-Pro-2254518,MAXXIS 225/45ZR18 95W  i-Pro,4319,00001,---
MX23i-Pro-2254518,MAXXIS 225/45ZR18 95W  i-Pro,2119,00001,---
MX23i-Pro-2254518,MAXXIS 225/45ZR18 95W  i-Pro,2119,00001,---
MX24i-Pro-2354518,MAXXIS 235/45ZR18 98W  i-Pro,1719,00001,---
MX24i-Pro-2354518,MAXXIS 235/45ZR18 98W  i-Pro,1719,00001,---
MX24i-Pro-2354518,MAXXIS 235/45ZR18 98W  i-Pro,1719,00001,---
MX24i-Pro-2354518,MAXXIS 235/45ZR18 98W  i-Pro,1719,00001,---
MX27i-Pro-2355018,MAXXIS 235/50ZR18 101W  i-Pro,3719,00001,---
MX27i-Pro-2355018,MAXXIS 235/50ZR18 101W  i-Pro,3719,00001,---
MX27i-Pro-2355018,MAXXIS 235/50ZR18 101W  i-Pro,4119,00001,---
MX27i-Pro-2355018,MAXXIS 235/50ZR18 101W  i-Pro,4119,00001,---
MX01MA579-19514,MAXXIS 195R14 106/104P 8PR  MA579,3419,00001,---
MX01MA579-19514,MAXXIS 195R14 106/104P 8PR  MA579,3519,00001,---
MX01MA579-19514,MAXXIS 195R14 106/104P 8PR  MA579,3619,00001,---
MX01MA579-19514,MAXXIS 195R14 106/104P 8PR  MA579,3619,00001,---
MX01MA579-19514,MAXXIS 195R14 106/104P 8PR  MA579,3619,00001,---
MX01MA579-19514,MAXXIS 195R14 106/104P 8PR  MA579,3619,00001,---
MX01MA579-19514,MAXXIS 195R14 106/104P 8PR  MA579,3619,00001,---
MX01MA579-19514,MAXXIS 195R14 106/104P 8PR  MA579,3619,00001,---
MX01MA579-19514,MAXXIS 195R14 106/104P 8PR  MA579,3619,00001,---
MX01MA579-19514,MAXXIS 195R14 106/104P 8PR  MA579,3619,00001,---
MX01MA579-19514,MAXXIS 195R14 106/104P 8PR  MA579,3619,00001,---
MX01MA579-19514,MAXXIS 195R14 106/104P 8PR  MA579,3319,00001,---
MX01MA579-19514,MAXXIS 195R14 106/104P 8PR  MA579,3319,00001,---
MX01MA579-19514,MAXXIS 195R14 106/104P 8PR  MA579,3319,00001,---
MX01MA579-19514,MAXXIS 195R14 106/104P 8PR  MA579,3319,00001,---
MX01MA579-19514,MAXXIS 195R14 106/104P 8PR  MA579,3319,00001,---
MX01MA579-19514,MAXXIS 195R14 106/104P 8PR  MA579,3319,00001,---
MX07MA579-2157015,MAXXIS 215/70R15C 8PR  MA579,3519,00001,---
MX07MA579-2157015,MAXXIS 215/70R15C 8PR  MA579,3519,00001,---
MX07MA579-2157015,MAXXIS 215/70R15C 8PR  MA579,1819,00001,---
MX07MA579-2157015,MAXXIS 215/70R15C 8PR  MA579,3419,00001,---
MX07MA579-2157015,MAXXIS 215/70R15C 8PR  MA579,3419,00001,---
MX07MA579-2157015,MAXXIS 215/70R15C 8PR  MA579,1219,00001,---
MX08MA579-2156516,MAXXIS 215/65R16 8PR  MA579,3119,00001,---
MX08MA579-2156516,MAXXIS 215/65R16 8PR  MA579,3119,00001,---
MX08MA579-2156516,MAXXIS 215/65R16 8PR  MA579,3119,00001,---
MX08MA579-2156516,MAXXIS 215/65R16 8PR  MA579,3119,00001,---
MX08MA579-2156516,MAXXIS 215/65R16 8PR  MA579,3119,00001,---
MX08MA579-2156516,MAXXIS 215/65R16 8PR  MA579,3119,00001,---
MX08MA579-2156516,MAXXIS 215/65R16 8PR  MA579,3119,00001,---
MX08MA579-2156516,MAXXIS 215/65R16 8PR  MA579,3119,00001,---
MX08HT760-2557015,MAXXIS 255/70R15 108S  HT760,1919,00001,---
MX08HT760-2557015,MAXXIS 255/70R15 108S  HT760,1919,00001,---
MX08HT760-2557015,MAXXIS 255/70R15 108S  HT760,1919,00001,---
MX08HT760-2557015,MAXXIS 255/70R15 108S  HT760,2219,00001,---
MX08HT760-2557015,MAXXIS 255/70R15 108S  HT760,2419,00001,---
MX08HT760-2557015,MAXXIS 255/70R15 108S  HT760,2419,00001,---
MX08HT760-2557015,MAXXIS 255/70R15 108S  HT760,2419,00001,---
MX04HT770-2457016,MAXXIS 245/70R16 111T  HT770,4119,00001,---
MX04HT770-2457016,MAXXIS 245/70R16 111T  HT770,4119,00001,---
MX04HT770-2457016,MAXXIS 245/70R16 111T  HT770,4119,00001,---
MX04HT770-2457016,MAXXIS 245/70R16 111T  HT770,4119,00001,---
MX06MAS2-2656018,MAXXIS 265/60R18 110H  MAS2,2018,00001,ปี 18 ลด 30%
MX10AT-700-2457016,MAXXIS 245/70R16 111S  AT-700,0819,00001,---
MX10AT-700-2457016,MAXXIS 245/70R16 111S  AT-700,0519,00001,---
MX10AT-700-2457016,MAXXIS 245/70R16 111S  AT-700,0519,00001,---
MX10AT-700-2457016,MAXXIS 245/70R16 111S  AT-700,0519,00001,---
MX10AT-700-2457016,MAXXIS 245/70R16 111S  AT-700,0719,00001,---
MX10AT-700-2457016,MAXXIS 245/70R16 111S  AT-700,0719,00001,---
MX10AT-700-2457016,MAXXIS 245/70R16 111S  AT-700,0819,00001,---
MX10AT-700-2457016,MAXXIS 245/70R16 111S  AT-700,0919,00001,---
MX12AT-700-2657016,MAXXIS 265/70R16 112S  AT-700,2319,00001,---
MX12AT-700-2657016,MAXXIS 265/70R16 112S  AT-700,2319,00001,---
MX12AT-700-2657016,MAXXIS 265/70R16 112S  AT-700,2319,00001,---
MX12AT-700-2657016,MAXXIS 265/70R16 112S  AT-700,2319,00001,---
MX18AT-700-2656517,MAXXIS 265/65R17 112S  AT-700,2619,00001,---
MX18AT-700-2656517,MAXXIS 265/65R17 112S  AT-700,2619,00001,---
MX18AT-700-2656517,MAXXIS 265/65R17 112S  AT-700,2619,00001,---
MX18AT-700-2656517,MAXXIS 265/65R17 112S  AT-700,2619,00001,---
MX09SPRO-2656517,MAXXIS 265/65R17 112H  SPRO,3118,00001,ปี 18 ลด 30%
MX09SPRO-2656517,MAXXIS 265/65R17 112H  SPRO,3118,00001,ปี 18 ลด 30%
MX09SPRO-2656517,MAXXIS 265/65R17 112H  SPRO,3118,00001,ปี 18 ลด 30%
MX09SPRO-2656517,MAXXIS 265/65R17 112H  SPRO,3118,00001,ปี 18 ลด 30%
MX06MAP3-1756514,MAXXIS 175/65R14 82H  MAP3,2419,00001,---
MX06MAP3-1756514,MAXXIS 175/65R14 82H  MAP3,2419,00001,---
MX06MAP3-1756514,MAXXIS 175/65R14 82H  MAP3,2519,00001,---
MX06MAP3-1756514,MAXXIS 175/65R14 82H  MAP3,1819,00001,---
MX06MAP3-1756514,MAXXIS 175/65R14 82H  MAP3,1819,00001,---
MX06MAP3-1756514,MAXXIS 175/65R14 82H  MAP3,1819,00001,---
MX06MAP3-1756514,MAXXIS 175/65R14 82H  MAP3,1819,00001,---
MX06MAP3-1756514,MAXXIS 175/65R14 82H  MAP3,1819,00001,---
MX07MAP3-1757013,MAXXIS 175/70R13 82H  MAP3,2919,00001,---
MX07MAP3-1757013,MAXXIS 175/70R13 82H  MAP3,2919,00001,---
MX07MAP3-1757013,MAXXIS 175/70R13 82H  MAP3,2919,00001,---
MX07MAP3-1757013,MAXXIS 175/70R13 82H  MAP3,2919,00001,---
MX09MAP3-1855515,MAXXIS 185/55R15 82V  MAP3,1619,00001,---
MX09MAP3-1855515,MAXXIS 185/55R15 82V  MAP3,1619,00001,---
MX09MAP3-1855515,MAXXIS 185/55R15 82V  MAP3,1619,00001,---
MX09MAP3-1855515,MAXXIS 185/55R15 82V  MAP3,1719,00001,---
MX11MAP3-1856015,MAXXIS 185/60R15 88H  MAP3,4319,00001,---
MX11MAP3-1856015,MAXXIS 185/60R15 88H  MAP3,4319,00001,---
MX11MAP3-1856015,MAXXIS 185/60R15 88H  MAP3,4319,00001,---
MX11MAP3-1856015,MAXXIS 185/60R15 88H  MAP3,4319,00001,---
MX18MAP3-1956515,MAXXIS 195/65R15 91H MAP3,1519,00001,---
MX18MAP3-1956515,MAXXIS 195/65R15 91H MAP3,1619,00001,---
MX18MAP3-1956515,MAXXIS 195/65R15 91H MAP3,1619,00001,---
MX18MAP3-1956515,MAXXIS 195/65R15 91H MAP3,1619,00001,---
MX05ME3-1856514,MAXXIS 185/65R14 86H  ME3,4119,00001,---
MX05ME3-1856514,MAXXIS 185/65R14 86H  ME3,4119,00001,---
MX05ME3-1856514,MAXXIS 185/65R14 86H  ME3,4119,00001,---
MX05ME3-1856514,MAXXIS 185/65R14 86H  ME3,4119,00001,---
MX10ME3-1956015,MAXXIS 195/60R15 88H  ME3,2519,00001,---
MX10ME3-1956015,MAXXIS 195/60R15 88H  ME3,2519,00001,---
MX10ME3-1956015,MAXXIS 195/60R15 88H  ME3,2519,00001,---
MX10ME3-1956015,MAXXIS 195/60R15 88H  ME3,2519,00001,---
MX10ME3-1956015,MAXXIS 195/60R15 88H  ME3,3019,00001,---
MX10ME3-1956015,MAXXIS 195/60R15 88H  ME3,3019,00001,---
MX10ME3-1956015,MAXXIS 195/60R15 88H  ME3,3019,00001,---
MX10ME3-1956015,MAXXIS 195/60R15 88H  ME3,3019,00001,---
MX15ME3-2056515,MAXXIS 205/65R15 94H  ME3,2119,00001,---
MX15ME3-2056515,MAXXIS 205/65R15 94H  ME3,2119,00001,---
MX15ME3-2056515,MAXXIS 205/65R15 94H  ME3,2119,00001,---
MX15ME3-2056515,MAXXIS 205/65R15 94H  ME3,2419,00001,---
MX16ME3-2156016,MAXXIS 215/60R16 99H-XL  ME3,4319,00001,---
MX16ME3-2156016,MAXXIS 215/60R16 99H-XL  ME3,4319,00001,---
MX16ME3-2156016,MAXXIS 215/60R16 99H-XL  ME3,4319,00001,---
MX16ME3-2156016,MAXXIS 215/60R16 99H-XL  ME3,4319,00001,---
MX04HP5-1955016,MAXXIS 195/50R16 88V HP5,1619,00001,---
MX04HP5-1955016,MAXXIS 195/50R16 88V HP5,1619,00001,---
MX04HP5-1955016,MAXXIS 195/50R16 88V HP5,1619,00001,---
MX04HP5-1955016,MAXXIS 195/50R16 88V HP5,1619,00001,---
MX06HP5-2055516,MAXXIS 205/55R16 94W HP5,1019,00001,---
MX06HP5-2055516,MAXXIS 205/55R16 94W HP5,1219,00001,---
MX06HP5-2055516,MAXXIS 205/55R16 94W HP5,1219,00001,---
MX06HP5-2055516,MAXXIS 205/55R16 94W HP5,0919,00001,---
MX06HP5-2055516,MAXXIS 205/55R16 94W HP5,1019,00001,---
MX06HP5-2055516,MAXXIS 205/55R16 94W HP5,1219,00001,---
MX06HP5-2055516,MAXXIS 205/55R16 94W HP5,1219,00001,---
MX06HP5-2055516,MAXXIS 205/55R16 94W HP5,1019,00001,---
MX10HPM3-2256517,MAXXIS 225/65R17 102H HP-M3,2719,00001,---
MX10HPM3-2256517,MAXXIS 225/65R17 102H HP-M3,2819,00001,---
MX10HPM3-2256517,MAXXIS 225/65R17 102H HP-M3,2819,00001,---
MX10HPM3-2256517,MAXXIS 225/65R17 102H HP-M3,2819,00001,---
ML01AGI-2157015,MICHELIN 215/70R15C 109/107S  AGILIS,3219,00001,---
ML01AGI-2157015,MICHELIN 215/70R15C 109/107S  AGILIS,3219,00001,---
ML01AGI-2157015,MICHELIN 215/70R15C 109/107S  AGILIS,3219,00001,---
ML01AGI-2157015,MICHELIN 215/70R15C 109/107S  AGILIS,3419,00001,---
ML01XCD2-2157514,MICHELIN 215/75R14 112P XCD2,2119,00001,---
ML01XCD2-2157514,MICHELIN 215/75R14 112P XCD2,2119,00001,---
ML02XCD2-2257514,MICHELIN 225/75R14 115P XCD2,4119,00001,---
ML02XCD2-2257514,MICHELIN 225/75R14 115P XCD2,4119,00001,---
ML02XCD2-2257514,MICHELIN 225/75R14 115P XCD2,3219,00001,---
ML02XCD2-2257514,MICHELIN 225/75R14 115P XCD2,3219,00001,---
ML03XCD2-2257515,MICHELIN 225/75R15 116Q XCD2,3219,00001,---
ML03XCD2-2257515,MICHELIN 225/75R15 116Q XCD2,3219,00001,---
DTP01DT30-1955515,DAYTON 195/55R15 85H DT30,4619,00001,---
DTP01DT30-1955515,DAYTON 195/55R15 85H DT30,4619,00001,---
DTP01DT30-1955515,DAYTON 195/55R15 85H DT30,4619,00001,---
DTP01DT30-1955515,DAYTON 195/55R15 85H DT30,4619,00001,---
DTP02DT30-1856015,DAYTON 185/60R15 84H DT30,2519,00001,---
DTP02DT30-1856015,DAYTON 185/60R15 84H DT30,2519,00001,---
DTP02DT30-1856015,DAYTON 185/60R15 84H DT30,2519,00001,---
DTP02DT30-1856015,DAYTON 185/60R15 84H DT30,2519,00001,---
DTP02DT30-1856015,DAYTON 185/60R15 84H DT30,2519,00001,---
DTP02DT30-1856015,DAYTON 185/60R15 84H DT30,2519,00001,---
DTP02DT30-1856015,DAYTON 185/60R15 84H DT30,2519,00001,---
DTP02DT30-1856015,DAYTON 185/60R15 84H DT30,2519,00001,---
DTP02DT30-1856015,DAYTON 185/60R15 84H DT30,2519,00001,---
DTP02DT30-1856015,DAYTON 185/60R15 84H DT30,2519,00001,---
DTP02DT30-1856015,DAYTON 185/60R15 84H DT30,2519,00001,---
DTP02DT30-1856015,DAYTON 185/60R15 84H DT30,2519,00001,---
DTP02DT30-1856015,DAYTON 185/60R15 84H DT30,2519,00001,---
DTP03DT30-1956015,DAYTON 195/60R15 88H DT30,3519,00001,---
DTP03DT30-1956015,DAYTON 195/60R15 88H DT30,3519,00001,---
DTP03DT30-1956015,DAYTON 195/60R15 88H DT30,3519,00001,---
DTP07DT30-2155517,DAYTON 215/55R17 94W DT30,2619,00001,---
DTP07DT30-2155517,DAYTON 215/55R17 94W DT30,2619,00001,---
DTP07DT30-2155517,DAYTON 215/55R17 94W DT30,2619,00001,---
DTP07DT30-2155517,DAYTON 215/55R17 94W DT30,2619,00001,---
DTP09DT30-2054517,DAYTON 205/45R17 84W DT30,2219,00001,---
DTP09DT30-2054517,DAYTON 205/45R17 84W DT30,2219,00001,---
DTP09DT30-2054517,DAYTON 205/45R17 84W DT30,2219,00001,---
DTP09DT30-2054517,DAYTON 205/45R17 84W DT30,2219,00001,---
DTP10DT30-2154517,DAYTON 215/45R17 91W-XL DT30,3419,00001,---
DTP10DT30-2154517,DAYTON 215/45R17 91W-XL DT30,3419,00001,---
DTP10DT30-2154517,DAYTON 215/45R17 91W-XL DT30,3419,00001,---
DTP10DT30-2154517,DAYTON 215/45R17 91W-XL DT30,3419,00001,---
DTP11DT30-2254517,DAYTON 225/45R17 94W-XL DT30,2719,00001,---
DTP11DT30-2254517,DAYTON 225/45R17 94W-XL DT30,2719,00001,---
DTP11DT30-2254517,DAYTON 225/45R17 94W-XL DT30,4018,00001,ปี 18 ลด 30%
DTP11DT30-2254517,DAYTON 225/45R17 94W-XL DT30,4018,00001,ปี 18 ลด 30%
DTP12DT30-2254018,DAYTON 225/40R18 92W-XL DT30,3119,00001,---
DTP12DT30-2254018,DAYTON 225/40R18 92W-XL DT30,3119,00001,---
DTP12DT30-2254018,DAYTON 225/40R18 92W-XL DT30,3119,00001,---
DTP12DT30-2254018,DAYTON 225/40R18 92W-XL DT30,3119,00001,---
DTP13DT30-2354018,DAYTON 235/40R18 95W-XL DT30,1719,00001,---
DTP13DT30-2354018,DAYTON 235/40R18 95W-XL DT30,1719,00001,---
DTP13DT30-2354018,DAYTON 235/40R18 95W-XL DT30,1719,00001,---
DTP13DT30-2354018,DAYTON 235/40R18 95W-XL DT30,1719,00001,---
DTP17DT30-1756514,DAYTON 175/65R14 82H DT30,3119,00001,---
DTP17DT30-1756514,DAYTON 175/65R14 82H DT30,3119,00001,---
DTP17DT30-1756514,DAYTON 175/65R14 82H DT30,3119,00001,---
DTP17DT30-1756514,DAYTON 175/65R14 82H DT30,3119,00001,---
DTP21DT30-1956515,DAYTON 195/65R15 91V DT30,3419,00001,---
DTP21DT30-1956515,DAYTON 195/65R15 91V DT30,3419,00001,---
DTP21DT30-1956515,DAYTON 195/65R15 91V DT30,3419,00001,---
DTP21DT30-1956515,DAYTON 195/65R15 91V DT30,3419,00001,---
DTP21DT30-1956515,DAYTON 195/65R15 91V DT30,3419,00001,---
DTP21DT30-1956515,DAYTON 195/65R15 91V DT30,3419,00001,---
DTP21DT30-1956515,DAYTON 195/65R15 91V DT30,3419,00001,---
DTP21DT30-1956515,DAYTON 195/65R15 91V DT30,3419,00001,---
DTP22DT30-2156016,DAYTON 215/60R16 95V DT30,2719,00001,---
DTP22DT30-2156016,DAYTON 215/60R16 95V DT30,2719,00001,---
DTP22DT30-2156016,DAYTON 215/60R16 95V DT30,2719,00001,---
DTP22DT30-2156016,DAYTON 215/60R16 95V DT30,2719,00001,---
DTP22DT30-2156016,DAYTON 215/60R16 95V DT30,2719,00001,---
DTP22DT30-2156016,DAYTON 215/60R16 95V DT30,2719,00001,---
DTP22DT30-2156016,DAYTON 215/60R16 95V DT30,2719,00001,---
DTP22DT30-2156016,DAYTON 215/60R16 95V DT30,2719,00001,---
DTP24DT30-2055516,DAYTON 205/55R16 91V DT30,2919,00001,---
DTP24DT30-2055516,DAYTON 205/55R16 91V DT30,2919,00001,---
DTP24DT30-2055516,DAYTON 205/55R16 91V DT30,2919,00001,---
DTP24DT30-2055516,DAYTON 205/55R16 91V DT30,2919,00001,---
DTP03HT100-2656018,DAYTON 265/60R18 82H H/T100,1419,00001,---
DTP03HT100-2656018,DAYTON 265/60R18 82H H/T100,1419,00001,---
DTP03HT100-2656018,DAYTON 265/60R18 82H H/T100,1419,00001,---
DTP03HT100-2656018,DAYTON 265/60R18 82H H/T100,1519,00001,---
DTP03HT100-2656018,DAYTON 265/60R18 82H H/T100,4418,00001,ปี 18 ลด 30%
DTP03HT100-2656018,DAYTON 265/60R18 82H H/T100,4418,00001,ปี 18 ลด 30%
DTP03HT100-2656018,DAYTON 265/60R18 82H H/T100,4418,00001,ปี 18 ลด 30%
DTP03HT100-2656018,DAYTON 265/60R18 82H H/T100,4418,00001,ปี 18 ลด 30%
DL02LT37-2157015,DUNLOP 215/70R15 109/107S SPLT37 ,3119,00001,---
DL02LT37-2157015,DUNLOP 215/70R15 109/107S SPLT37 ,3119,00001,---
DL01VANV1-2157015,DUNLOP 215/70R15 109/107S VANTREK-V1,3419,00001,---
DL01VANV1-2157015,DUNLOP 215/70R15 109/107S VANTREK-V1,3419,00001,---
DL01VANV1-2157015,DUNLOP 215/70R15 109/107S VANTREK-V1,3419,00001,---
DL01VANV1-2157015,DUNLOP 215/70R15 109/107S VANTREK-V1,3419,00001,---
DL02AT2-2656018,DUNLOP 265/60R18 110H AT20,1419,00001,---
DL02AT2-2656018,DUNLOP 265/60R18 110H AT20,1419,00001,---
DL02AT2-2656018,DUNLOP 265/60R18 110H AT20,1419,00001,---
DL02AT2-2656018,DUNLOP 265/60R18 110H AT20,1619,00001,---
DL01AT22-2457016,DUNLOP 245/70R16 111T AT22,3519,00001,---
DL01AT22-2457016,DUNLOP 245/70R16 111T AT22,3519,00001,---
DL01AT22-2457016,DUNLOP 245/70R16 111T AT22,3519,00001,---
DL01AT22-2457016,DUNLOP 245/70R16 111T AT22,3519,00001,---
DL01AT22-2457016,DUNLOP 245/70R16 111T AT22,2119,00001,---
DL01AT22-2457016,DUNLOP 245/70R16 111T AT22,2119,00001,---
DL01AT22-2457016,DUNLOP 245/70R16 111T AT22,3219,00001,---
DL01AT22-2457016,DUNLOP 245/70R16 111T AT22,3219,00001,---
DL01AT22-2457016,DUNLOP 245/70R16 111T AT22,3219,00001,---
DL01AT22-2457016,DUNLOP 245/70R16 111T AT22,3219,00001,---
DL01AT22-2457016,DUNLOP 245/70R16 111T AT22,3219,00001,---
DL01AT22-2457016,DUNLOP 245/70R16 111T AT22,3219,00001,---
DL02AT22-2657016,DUNLOP 265/70R16 112T AT22,3119,00001,---
DL02AT22-2657016,DUNLOP 265/70R16 112T AT22,3119,00001,---
DL02AT22-2657016,DUNLOP 265/70R16 112T AT22,3119,00001,---
DL02AT22-2657016,DUNLOP 265/70R16 112T AT22,3119,00001,---
DL02AT22-2657016,DUNLOP 265/70R16 112T AT22,3119,00001,---
DL02AT22-2657016,DUNLOP 265/70R16 112T AT22,3119,00001,---
DL02AT22-2657016,DUNLOP 265/70R16 112T AT22,3119,00001,---
DL02AT22-2657016,DUNLOP 265/70R16 112T AT22,3119,00001,---
DL02AT22-2657016,DUNLOP 265/70R16 112T AT22,3119,00001,---
DL02AT22-2657016,DUNLOP 265/70R16 112T AT22,3119,00001,---
DL02AT22-2657016,DUNLOP 265/70R16 112T AT22,3119,00001,---
DL02AT22-2657016,DUNLOP 265/70R16 112T AT22,3119,00001,---
DL03AT22-2656517,DUNLOP 265/65R17 112T AT22,3119,00001,---
DL03AT22-2656517,DUNLOP 265/65R17 112T AT22,2119,00001,---
DL03AT22-2656517,DUNLOP 265/65R17 112T AT22,2119,00001,---
DL03AT22-2656517,DUNLOP 265/65R17 112T AT22,2119,00001,---
DL01R1-1955515,DUNLOP 195/55R15 85H TOURING-R1,2819,00001,---
DL01R1-1955515,DUNLOP 195/55R15 85H TOURING-R1,2819,00001,---
DL01R1-1955515,DUNLOP 195/55R15 85H TOURING-R1,2819,00001,---
DL01R1-1955515,DUNLOP 195/55R15 85H TOURING-R1,2819,00001,---
DL01R1-1955515,DUNLOP 195/55R15 85H TOURING-R1,2819,00001,---
DL01R1-1955515,DUNLOP 195/55R15 85H TOURING-R1,2819,00001,---
DL01R1-1955515,DUNLOP 195/55R15 85H TOURING-R1,2819,00001,---
DL01R1-1955515,DUNLOP 195/55R15 85H TOURING-R1,2819,00001,---
DL02R1-1856015,DUNLOP 185/60R15 84H TOURING-R1,3319,00001,---
DL02R1-1856015,DUNLOP 185/60R15 84H TOURING-R1,3319,00001,---
DL02R1-1856015,DUNLOP 185/60R15 84H TOURING-R1,3319,00001,---
DL02R1-1856015,DUNLOP 185/60R15 84H TOURING-R1,3319,00001,---
DL02R1-1856015,DUNLOP 185/60R15 84H TOURING-R1,3319,00001,---
DL02R1-1856015,DUNLOP 185/60R15 84H TOURING-R1,3319,00001,---
DL02R1-1856015,DUNLOP 185/60R15 84H TOURING-R1,3319,00001,---
DL02R1-1856015,DUNLOP 185/60R15 84H TOURING-R1,3319,00001,---
DL03R1-1956015,DUNLOP 195/60R15 88H TOURING-R1,3319,00001,---
DL03R1-1956015,DUNLOP 195/60R15 88H TOURING-R1,3319,00001,---
DL03R1-1956015,DUNLOP 195/60R15 88H TOURING-R1,3319,00001,---
DL03R1-1956015,DUNLOP 195/60R15 88H TOURING-R1,3319,00001,---
DL03R1-1956015,DUNLOP 195/60R15 88H TOURING-R1,3319,00001,---
DL03R1-1956015,DUNLOP 195/60R15 88H TOURING-R1,3319,00001,---
DL03R1-1956015,DUNLOP 195/60R15 88H TOURING-R1,3319,00001,---
DL03R1-1956015,DUNLOP 195/60R15 88H TOURING-R1,3319,00001,---
DL03R1-1956015,DUNLOP 195/60R15 88H TOURING-R1,3319,00001,---
DL03R1-1956015,DUNLOP 195/60R15 88H TOURING-R1,3319,00001,---
DL03R1-1956015,DUNLOP 195/60R15 88H TOURING-R1,3219,00001,---
DL03R1-1956015,DUNLOP 195/60R15 88H TOURING-R1,3219,00001,---
DL03R1-1956015,DUNLOP 195/60R15 88H TOURING-R1,3219,00001,---
DL03R1-1956015,DUNLOP 195/60R15 88H TOURING-R1,3219,00001,---
DL04R1-1956515,DUNLOP 195/65R15 91H TOURING-R1,3319,00001,---
DL04R1-1956515,DUNLOP 195/65R15 91H TOURING-R1,3319,00001,---
DL04R1-1956515,DUNLOP 195/65R15 91H TOURING-R1,3319,00001,---
DL04R1-1956515,DUNLOP 195/65R15 91H TOURING-R1,3319,00001,---
DL08R1-1855515,DUNLOP 185/55R15 82H TOURING-R1,3119,00001,---
DL08R1-1855515,DUNLOP 185/55R15 82H TOURING-R1,3119,00001,---
DL08R1-1855515,DUNLOP 185/55R15 82H TOURING-R1,3119,00001,---
DL08R1-1855515,DUNLOP 185/55R15 82H TOURING-R1,3119,00001,---
DL01LM704-2054517,DUNLOP 205/45R17 88W LM704,2819,00001,---
DL01LM704-2054517,DUNLOP 205/45R17 88W LM704,2819,00001,---
DL01LM704-2054517,DUNLOP 205/45R17 88W LM704,2819,00001,---
DL01LM704-2054517,DUNLOP 205/45R17 88W LM704,2819,00001,---
DL01LM704-2054517,DUNLOP 205/45R17 88W LM704,2819,00001,---
DL01LM704-2054517,DUNLOP 205/45R17 88W LM704,2819,00001,---
DL01LM704-2054517,DUNLOP 205/45R17 88W LM704,2819,00001,---
DL01LM704-2054517,DUNLOP 205/45R17 88W LM704,2819,00001,---
PI04PZE-2753520,PIRELLI 275/35R20 102Y PZERO-(RunFlat),1119,00001,---
PI04PZE-2753520,PIRELLI 275/35R20 102Y PZERO-(RunFlat),1219,00001,---
BSL02D840-2557015C,BRIDGESTONE  255/70R15C 112S  D840,2119,สำนักงานใหญ่,---
BSL02D840-2557015C,BRIDGESTONE  255/70R15C 112S  D840,2119,สำนักงานใหญ่,---
BSL02D840-2557015C,BRIDGESTONE  255/70R15C 112S  D840,2119,สำนักงานใหญ่,---
BSL02D840-2557015C,BRIDGESTONE  255/70R15C 112S  D840,2819,สำนักงานใหญ่,---
BSL02R611-2057015C,BRIDGESTONE  205/70R15C 106S  R611,3919,สำนักงานใหญ่,---
BSL02R611-2057015C,BRIDGESTONE  205/70R15C 106S  R611,3919,สำนักงานใหญ่,---
BSL02R611-2057015C,BRIDGESTONE  205/70R15C 106S  R611,5118,สำนักงานใหญ่,ปี 18 ลด 30%
BSL02R611-2057015C,BRIDGESTONE  205/70R15C 106S  R611,5118,สำนักงานใหญ่,ปี 18 ลด 30%
BSL02R611-2057015C,BRIDGESTONE  205/70R15C 106S  R611,5118,สำนักงานใหญ่,ปี 18 ลด 30%
BSL02R611-2057015C,BRIDGESTONE  205/70R15C 106S  R611,5118,สำนักงานใหญ่,ปี 18 ลด 30%
BSL02R611-2057015C,BRIDGESTONE  205/70R15C 106S  R611,2619,สำนักงานใหญ่,---
BSL02R611-2057015C,BRIDGESTONE  205/70R15C 106S  R611,2619,สำนักงานใหญ่,---
BSL02R611-2057015C,BRIDGESTONE  205/70R15C 106S  R611,2619,สำนักงานใหญ่,---
BSL02R611-2057015C,BRIDGESTONE  205/70R15C 106S  R611,2619,สำนักงานใหญ่,---
BSL02R611-2057015C,BRIDGESTONE  205/70R15C 106S  R611,2619,สำนักงานใหญ่,---
BSL02R611-2057015C,BRIDGESTONE  205/70R15C 106S  R611,2619,สำนักงานใหญ่,---
BSL04R611-2156516C,BRIDGESTONE  215/65R16C 106/104S  R611,4019,สำนักงานใหญ่,---
BSL04R611-2156516C,BRIDGESTONE  215/65R16C 106/104S  R611,4019,สำนักงานใหญ่,---
BSL04R611-2156516C,BRIDGESTONE  215/65R16C 106/104S  R611,4019,สำนักงานใหญ่,---
BSL05R611-2157015C,BRIDGESTONE  215/70R15C 106S  R611,3719,สำนักงานใหญ่,---
BSL05R611-2157015C,BRIDGESTONE  215/70R15C 106S  R611,3719,สำนักงานใหญ่,---
BSL05R611-2157015C,BRIDGESTONE  215/70R15C 106S  R611,3719,สำนักงานใหญ่,---
BSL05R611-2157015C,BRIDGESTONE  215/70R15C 106S  R611,3719,สำนักงานใหญ่,---
BSL05R611-2157015C,BRIDGESTONE  215/70R15C 106S  R611,3719,สำนักงานใหญ่,---
BSL05R611-2157015C,BRIDGESTONE  215/70R15C 106S  R611,3719,สำนักงานใหญ่,---
BSL05R611-2157015C,BRIDGESTONE  215/70R15C 106S  R611,3719,สำนักงานใหญ่,---
BSL05R611-2157015C,BRIDGESTONE  215/70R15C 106S  R611,3919,สำนักงานใหญ่,---
BSL05R611-2157015C,BRIDGESTONE  215/70R15C 106S  R611,4019,สำนักงานใหญ่,---
BSL05R611-2157015C,BRIDGESTONE  215/70R15C 106S  R611,4019,สำนักงานใหญ่,---
BSL05R611-2157015C,BRIDGESTONE  215/70R15C 106S  R611,4019,สำนักงานใหญ่,---
BSL05R611-2157015C,BRIDGESTONE  215/70R15C 106S  R611,4019,สำนักงานใหญ่,---
BSL06R611-2157016C,BRIDGESTONE  215/70R16C 108S  R611,2919,สำนักงานใหญ่,---
BSL06R611-2157016C,BRIDGESTONE  215/70R16C 108S  R611,2919,สำนักงานใหญ่,---
BSL06R611-2157016C,BRIDGESTONE  215/70R16C 108S  R611,2919,สำนักงานใหญ่,---
BSL06R611-2157016C,BRIDGESTONE  215/70R16C 108S  R611,2919,สำนักงานใหญ่,---
BSL01L627-2156515C,BRIDGESTONE  215/65R15C 104Q  L627,4218,สำนักงานใหญ่,ปี 18 ลด 30%
BSL01L627-2156515C,BRIDGESTONE  215/65R15C 104Q  L627,4218,สำนักงานใหญ่,ปี 18 ลด 30%
BSL01L627-2156515C,BRIDGESTONE  215/65R15C 104Q  L627,4218,สำนักงานใหญ่,ปี 18 ลด 30%
BSL01L627-2156515C,BRIDGESTONE  215/65R15C 104Q  L627,0618,สำนักงานใหญ่,ปี 18 ลด 30%
BSP01D684II-2656517,BRIDGESTONE  265/65R17 112S  D684II,2319,สำนักงานใหญ่,---
BSP01D684II-2656517,BRIDGESTONE  265/65R17 112S  D684II,3519,สำนักงานใหญ่,---
BSP01D684II-2656517,BRIDGESTONE  265/65R17 112S  D684II,3519,สำนักงานใหญ่,---
BSP01D684II-2656517,BRIDGESTONE  265/65R17 112S  D684II,3519,สำนักงานใหญ่,---
BSP01D684II-2656517,BRIDGESTONE  265/65R17 112S  D684II,3619,สำนักงานใหญ่,---
BSP01D684II-2656517,BRIDGESTONE  265/65R17 112S  D684II,3619,สำนักงานใหญ่,---
BSP01D684II-2656517,BRIDGESTONE  265/65R17 112S  D684II,3619,สำนักงานใหญ่,---
BSP01D684II-2656517,BRIDGESTONE  265/65R17 112S  D684II,2319,สำนักงานใหญ่,---
BSP01D684II-2656517,BRIDGESTONE  265/65R17 112S  D684II,3719,สำนักงานใหญ่,---
BSP01D684II-2656517,BRIDGESTONE  265/65R17 112S  D684II,3719,สำนักงานใหญ่,---
BSP01D684II-2656517,BRIDGESTONE  265/65R17 112S  D684II,3719,สำนักงานใหญ่,---
BSP01D684II-2656517,BRIDGESTONE  265/65R17 112S  D684II,3719,สำนักงานใหญ่,---
BSP01D684II-2656517,BRIDGESTONE  265/65R17 112S  D684II,3719,สำนักงานใหญ่,---
BSP01D684II-2656517,BRIDGESTONE  265/65R17 112S  D684II,3719,สำนักงานใหญ่,---
BSP01D684II-2656517,BRIDGESTONE  265/65R17 112S  D684II,2419,สำนักงานใหญ่,---
BSP01D684II-2656517,BRIDGESTONE  265/65R17 112S  D684II,2419,สำนักงานใหญ่,---
BSP02D684II-2656018,BRIDGESTONE  265/60R18 110T  D684II,4019,สำนักงานใหญ่,---
BSP02D684II-2656018,BRIDGESTONE  265/60R18 110T  D684II,4019,สำนักงานใหญ่,---
BSP02D684II-2656018,BRIDGESTONE  265/60R18 110T  D684II,4019,สำนักงานใหญ่,---
BSP02D684II-2656018,BRIDGESTONE  265/60R18 110T  D684II,4019,สำนักงานใหญ่,---
BSP02D684II-2656018,BRIDGESTONE  265/60R18 110T  D684II,4019,สำนักงานใหญ่,---
BSP02D684II-2656018,BRIDGESTONE  265/60R18 110T  D684II,4019,สำนักงานใหญ่,---
BSP02D684II-2656018,BRIDGESTONE  265/60R18 110T  D684II,4119,สำนักงานใหญ่,---
BSP02D684II-2656018,BRIDGESTONE  265/60R18 110T  D684II,4119,สำนักงานใหญ่,---
BSP03D840-2457016,BRIDGESTONE  245/70R16 111S  D840,3419,สำนักงานใหญ่,---
BSP03D840-2457016,BRIDGESTONE  245/70R16 111S  D840,3419,สำนักงานใหญ่,---
BSP03D840-2457016,BRIDGESTONE  245/70R16 111S  D840,3519,สำนักงานใหญ่,---
BSP03D840-2457016,BRIDGESTONE  245/70R16 111S  D840,3519,สำนักงานใหญ่,---
BSP03D840-2457016,BRIDGESTONE  245/70R16 111S  D840,3519,สำนักงานใหญ่,---
BSP03D840-2457016,BRIDGESTONE  245/70R16 111S  D840,3519,สำนักงานใหญ่,---
BSP03D840-2457016,BRIDGESTONE  245/70R16 111S  D840,3319,สำนักงานใหญ่,---
BSP03D840-2457016,BRIDGESTONE  245/70R16 111S  D840,3319,สำนักงานใหญ่,---
BSP03D840-2457016,BRIDGESTONE  245/70R16 111S  D840,3319,สำนักงานใหญ่,---
BSP03D840-2457016,BRIDGESTONE  245/70R16 111S  D840,3319,สำนักงานใหญ่,---
BSP03D840-2457016,BRIDGESTONE  245/70R16 111S  D840,3319,สำนักงานใหญ่,---
BSP03D840-2457016,BRIDGESTONE  245/70R16 111S  D840,3319,สำนักงานใหญ่,---
BSP03D840-2457016,BRIDGESTONE  245/70R16 111S  D840,3319,สำนักงานใหญ่,---
BSP03D840-2457016,BRIDGESTONE  245/70R16 111S  D840,3319,สำนักงานใหญ่,---
BSP04D840-2657016,BRIDGESTONE  265/70R16 112S  D840,2419,สำนักงานใหญ่,---
BSP04D840-2657016,BRIDGESTONE  265/70R16 112S  D840,2419,สำนักงานใหญ่,---
BSP04D840-2657016,BRIDGESTONE  265/70R16 112S  D840,2619,สำนักงานใหญ่,---
BSP04D840-2657016,BRIDGESTONE  265/70R16 112S  D840,2619,สำนักงานใหญ่,---
BSP04D840-2657016,BRIDGESTONE  265/70R16 112S  D840,2619,สำนักงานใหญ่,---
BSP04D840-2657016,BRIDGESTONE  265/70R16 112S  D840,2619,สำนักงานใหญ่,---
BSP04D840-2657016,BRIDGESTONE  265/70R16 112S  D840,2619,สำนักงานใหญ่,---
BSP04D840-2657016,BRIDGESTONE  265/70R16 112S  D840,2619,สำนักงานใหญ่,---
BSP04D840-2657016,BRIDGESTONE  265/70R16 112S  D840,2819,สำนักงานใหญ่,---
BSP04D840-2657016,BRIDGESTONE  265/70R16 112S  D840,2819,สำนักงานใหญ่,---
BSP01EP150-1757013,BRIDGESTONE  175/70R13 82H  EP150,2319,สำนักงานใหญ่,---
BSP01EP150-1757013,BRIDGESTONE  175/70R13 82H  EP150,1718,สำนักงานใหญ่,ปี 18 ลด 30%
BSP01EP150-1757013,BRIDGESTONE  175/70R13 82H  EP150,1718,สำนักงานใหญ่,ปี 18 ลด 30%
BSP01EP150-1757013,BRIDGESTONE  175/70R13 82H  EP150,1718,สำนักงานใหญ่,ปี 18 ลด 30%
BSP05EP150-1756514,BRIDGESTONE  175/65R14 82T  EP150,0419,สำนักงานใหญ่,---
BSP05EP150-1756514,BRIDGESTONE  175/65R14 82T  EP150,0419,สำนักงานใหญ่,---
BSP05EP150-1756514,BRIDGESTONE  175/65R14 82T  EP150,4218,สำนักงานใหญ่,ปี 18 ลด 30%
BSP05EP150-1756514,BRIDGESTONE  175/65R14 82T  EP150,4218,สำนักงานใหญ่,ปี 18 ลด 30%
BSP05EP150-1756514,BRIDGESTONE  175/65R14 82T  EP150,0319,สำนักงานใหญ่,---
BSP05EP150-1756514,BRIDGESTONE  175/65R14 82T  EP150,0319,สำนักงานใหญ่,---
BSP05EP150-1756514,BRIDGESTONE  175/65R14 82T  EP150,0319,สำนักงานใหญ่,---
BSP05EP150-1756514,BRIDGESTONE  175/65R14 82T  EP150,0419,สำนักงานใหญ่,---
BSP06EP150-1856514,BRIDGESTONE  185/65R14 86H  EP150,4219,สำนักงานใหญ่,---
BSP06EP150-1856514,BRIDGESTONE  185/65R14 86H  EP150,4219,สำนักงานใหญ่,---
BSP06EP150-1856514,BRIDGESTONE  185/65R14 86H  EP150,4219,สำนักงานใหญ่,---
BSP06EP150-1856514,BRIDGESTONE  185/65R14 86H  EP150,4219,สำนักงานใหญ่,---
BSP12EP150-1856015,BRIDGESTONE  185/60R15 84H  EP150,4019,สำนักงานใหญ่,---
BSP12EP150-1856015,BRIDGESTONE  185/60R15 84H  EP150,4019,สำนักงานใหญ่,---
BSP12EP150-1856015,BRIDGESTONE  185/60R15 84H  EP150,4019,สำนักงานใหญ่,---
BSP12EP150-1856015,BRIDGESTONE  185/60R15 84H  EP150,4019,สำนักงานใหญ่,---
BSP12EP150-1856015,BRIDGESTONE  185/60R15 84H  EP150,4019,สำนักงานใหญ่,---
BSP12EP150-1856015,BRIDGESTONE  185/60R15 84H  EP150,3619,สำนักงานใหญ่,---
BSP12EP150-1856015,BRIDGESTONE  185/60R15 84H  EP150,3619,สำนักงานใหญ่,---
BSP12EP150-1856015,BRIDGESTONE  185/60R15 84H  EP150,3619,สำนักงานใหญ่,---
BSP12EP150-1856015,BRIDGESTONE  185/60R15 84H  EP150,3619,สำนักงานใหญ่,---
BSP12EP150-1856015,BRIDGESTONE  185/60R15 84H  EP150,3619,สำนักงานใหญ่,---
BSP12EP150-1856015,BRIDGESTONE  185/60R15 84H  EP150,3619,สำนักงานใหญ่,---
BSP13EP150-1856515,BRIDGESTONE  185/65R15 88H  EP150,3719,สำนักงานใหญ่,---
BSP13EP150-1856515,BRIDGESTONE  185/65R15 88H  EP150,3719,สำนักงานใหญ่,---
BSP13EP150-1856515,BRIDGESTONE  185/65R15 88H  EP150,3719,สำนักงานใหญ่,---
BSP13EP150-1856515,BRIDGESTONE  185/65R15 88H  EP150,3719,สำนักงานใหญ่,---
BSP15EP850-2656517,BRIDGESTONE  265/65R17 112H  EP850,1119,สำนักงานใหญ่,---
BSP15EP850-2656517,BRIDGESTONE  265/65R17 112H  EP850,1119,สำนักงานใหญ่,---
BSP15EP850-2656517,BRIDGESTONE  265/65R17 112H  EP850,1119,สำนักงานใหญ่,---
BSP15EP850-2656517,BRIDGESTONE  265/65R17 112H  EP850,1219,สำนักงานใหญ่,---
BSL01L677-19514C,BRIDGESTONE 195R14C 8PR L677,2619,สำนักงานใหญ่,---
BSL01L677-19514C,BRIDGESTONE 195R14C 8PR L677,2619,สำนักงานใหญ่,---
BSL01L677-19514C,BRIDGESTONE 195R14C 8PR L677,2619,สำนักงานใหญ่,---
BSL01L677-19514C,BRIDGESTONE 195R14C 8PR L677,2619,สำนักงานใหญ่,---
BSL01L677-19514C,BRIDGESTONE 195R14C 8PR L677,2619,สำนักงานใหญ่,---
BSL01L677-19514C,BRIDGESTONE 195R14C 8PR L677,2719,สำนักงานใหญ่,---
BSL01L677-19514C,BRIDGESTONE 195R14C 8PR L677,2919,สำนักงานใหญ่,---
BSL01L677-19514C,BRIDGESTONE 195R14C 8PR L677,2919,สำนักงานใหญ่,---
BSP01RE003-1955515,BRIDGESTONE 195/55R15 85W RE003,3719,สำนักงานใหญ่,---
BSP01RE003-1955515,BRIDGESTONE 195/55R15 85W RE003,3719,สำนักงานใหญ่,---
BSP01RE003-1955515,BRIDGESTONE 195/55R15 85W RE003,3719,สำนักงานใหญ่,---
BSP01RE003-1955515,BRIDGESTONE 195/55R15 85W RE003,3719,สำนักงานใหญ่,---
BSP01D693III-2656517,BRIDGESTONE 265/65R17 112S D693III,0419,สำนักงานใหญ่,---
BSP01D693III-2656517,BRIDGESTONE 265/65R17 112S D693III,0719,สำนักงานใหญ่,---
BSP01D693III-2656517,BRIDGESTONE 265/65R17 112S D693III,0719,สำนักงานใหญ่,---
BSP01D693III-2656517,BRIDGESTONE 265/65R17 112S D693III,0819,สำนักงานใหญ่,---
BSP07EP300-1956015,BRIDGESTONE 195/60R15 88V EP300,4419,สำนักงานใหญ่,---
BSP07EP300-1956015,BRIDGESTONE 195/60R15 88V EP300,4419,สำนักงานใหญ่,---
BSP07EP300-1956015,BRIDGESTONE 195/60R15 88V EP300,4419,สำนักงานใหญ่,---
BSP07EP300-1956015,BRIDGESTONE 195/60R15 88V EP300,4519,สำนักงานใหญ่,---
BSP10EP300-2156016,BRIDGESTONE 215/60R16 95V EP300,4519,สำนักงานใหญ่,---
BSP10EP300-2156016,BRIDGESTONE 215/60R16 95V EP300,4519,สำนักงานใหญ่,---
BSP10EP300-2156016,BRIDGESTONE 215/60R16 95V EP300,4519,สำนักงานใหญ่,---
BSP10EP300-2156016,BRIDGESTONE 215/60R16 95V EP300,4519,สำนักงานใหญ่,---
BSP07T005A-2055516,BRIDGESTONE 205/55R16 91V T005A,2119,สำนักงานใหญ่,---
BSP07T005A-2055516,BRIDGESTONE 205/55R16 91V T005A,2119,สำนักงานใหญ่,---
BSP07T005A-2055516,BRIDGESTONE 205/55R16 91V T005A,4019,สำนักงานใหญ่,---
BSP07T005A-2055516,BRIDGESTONE 205/55R16 91V T005A,4019,สำนักงานใหญ่,---
BSP11T005A-2155517,BRIDGESTONE 215/55R17 94W T005A,4519,สำนักงานใหญ่,---
BSP11T005A-2155517,BRIDGESTONE 215/55R17 94W T005A,4519,สำนักงานใหญ่,---
BSP11T005A-2155517,BRIDGESTONE 215/55R17 94W T005A,4519,สำนักงานใหญ่,---
BSP11T005A-2155517,BRIDGESTONE 215/55R17 94W T005A,4519,สำนักงานใหญ่,---
BSP06EPH/L001-2457016,BRIDGESTONE 245/70R16 111H-XL EP-H/L001,2719,สำนักงานใหญ่,---
BSP06EPH/L001-2457016,BRIDGESTONE 245/70R16 111H-XL EP-H/L001,2719,สำนักงานใหญ่,---
BSP06EPH/L001-2457016,BRIDGESTONE 245/70R16 111H-XL EP-H/L001,2719,สำนักงานใหญ่,---
BSP06EPH/L001-2457016,BRIDGESTONE 245/70R16 111H-XL EP-H/L001,2719,สำนักงานใหญ่,---
FSL01CV9000-19514C,FIRESTONE 195R14C 8PR CV9000,3719,สำนักงานใหญ่,---
FSL01CV9000-19514C,FIRESTONE 195R14C 8PR CV9000,3719,สำนักงานใหญ่,---
FSL01CV9000-19514C,FIRESTONE 195R14C 8PR CV9000,3719,สำนักงานใหญ่,---
FSL01CV9000-19514C,FIRESTONE 195R14C 8PR CV9000,3719,สำนักงานใหญ่,---
FSL01CV9000-19514C,FIRESTONE 195R14C 8PR CV9000,3719,สำนักงานใหญ่,---
FSL01CV9000-19514C,FIRESTONE 195R14C 8PR CV9000,4119,สำนักงานใหญ่,---
FSL01CV9000-19514C,FIRESTONE 195R14C 8PR CV9000,4119,สำนักงานใหญ่,---
FSL01CV9000-19514C,FIRESTONE 195R14C 8PR CV9000,4119,สำนักงานใหญ่,---
FSL01CV9000-19514C,FIRESTONE 195R14C 8PR CV9000,4119,สำนักงานใหญ่,---
FSL01CV9000-19514C,FIRESTONE 195R14C 8PR CV9000,4119,สำนักงานใหญ่,---
FSP03LE02-2457016,FIRESTONE 245/70R16 111H XL LE-02,3719,สำนักงานใหญ่,---
FSP03LE02-2457016,FIRESTONE 245/70R16 111H XL LE-02,3719,สำนักงานใหญ่,---
FSP03LE02-2457016,FIRESTONE 245/70R16 111H XL LE-02,3719,สำนักงานใหญ่,---
FSP03LE02-2457016,FIRESTONE 245/70R16 111H XL LE-02,3719,สำนักงานใหญ่,---
FSP03LE02-2457016,FIRESTONE 245/70R16 111H XL LE-02,3119,สำนักงานใหญ่,---
FSP03LE02-2457016,FIRESTONE 245/70R16 111H XL LE-02,3119,สำนักงานใหญ่,---
FSP04LE02-2657016,FIRESTONE 265/70R16 112H LE-02,4519,สำนักงานใหญ่,---
FSP04LE02-2657016,FIRESTONE 265/70R16 112H LE-02,4519,สำนักงานใหญ่,---
FSP04LE02-2657016,FIRESTONE 265/70R16 112H LE-02,4519,สำนักงานใหญ่,---
FSP04LE02-2657016,FIRESTONE 265/70R16 112H LE-02,4519,สำนักงานใหญ่,---
FSP07LE02-2456517,FIRESTONE 245/65R17 107H LE-02,1614,สำนักงานใหญ่,---
FSP08LE02-2656517,FIRESTONE 265/65R17 112H LE-02,4119,สำนักงานใหญ่,---
FSP08LE02-2656517,FIRESTONE 265/65R17 112H LE-02,4619,สำนักงานใหญ่,---
FSP08LE02-2656517,FIRESTONE 265/65R17 112H LE-02,4619,สำนักงานใหญ่,---
FSP08LE02-2656517,FIRESTONE 265/65R17 112H LE-02,4619,สำนักงานใหญ่,---
FSP01F01-1756514,FIRESTONE 175/65R14 82H F01,1718,สำนักงานใหญ่,ปี 18 ลด 30%
FSP01F01-1756514,FIRESTONE 175/65R14 82H F01,1718,สำนักงานใหญ่,ปี 18 ลด 30%
FSP01F01-1756514,FIRESTONE 175/65R14 82H F01,0919,สำนักงานใหญ่,---
FSP01F01-1756514,FIRESTONE 175/65R14 82H F01,0519,สำนักงานใหญ่,---
FSP01F01-1756514,FIRESTONE 175/65R14 82H F01,1918,สำนักงานใหญ่,ปี 18 ลด 30%
FSP01F01-1756514,FIRESTONE 175/65R14 82H F01,3219,สำนักงานใหญ่,---
FSP01F01-1756514,FIRESTONE 175/65R14 82H F01,1918,สำนักงานใหญ่,ปี 18 ลด 30%
FSP02F01-1856514,FIRESTONE 185/65R14 86H F01,2219,สำนักงานใหญ่,---
FSP02F01-1856514,FIRESTONE 185/65R14 86H F01,2219,สำนักงานใหญ่,---
FSP02F01-1856514,FIRESTONE 185/65R14 86H F01,0319,สำนักงานใหญ่,---
FSP02F01-1856514,FIRESTONE 185/65R14 86H F01,0319,สำนักงานใหญ่,---
FSP05F01-1855515,FIRESTONE 185/55R15 82V F01,3419,สำนักงานใหญ่,---
FSP05F01-1855515,FIRESTONE 185/55R15 82V F01,3419,สำนักงานใหญ่,---
FSP05F01-1855515,FIRESTONE 185/55R15 82V F01,3419,สำนักงานใหญ่,---
FSP05F01-1855515,FIRESTONE 185/55R15 82V F01,3419,สำนักงานใหญ่,---
FSP06F01-1956515,FIRESTONE 195/65R15 91V F01,3819,สำนักงานใหญ่,---
FSP06F01-1956515,FIRESTONE 195/65R15 91V F01,3419,สำนักงานใหญ่,---
FSP06F01-1956515,FIRESTONE 195/65R15 91V F01,3719,สำนักงานใหญ่,---
FSP06F01-1956515,FIRESTONE 195/65R15 91V F01,3719,สำนักงานใหญ่,---
FSP07F01-1956015,FIRESTONE 195/60R15 88V F01,3219,สำนักงานใหญ่,---
FSP07F01-1956015,FIRESTONE 195/60R15 88V F01,3519,สำนักงานใหญ่,---
FSP07F01-1956015,FIRESTONE 195/60R15 88V F01,3419,สำนักงานใหญ่,---
FSP07F01-1956015,FIRESTONE 195/60R15 88V F01,3419,สำนักงานใหญ่,---
FSP07F01-1956015,FIRESTONE 195/60R15 88V F01,3219,สำนักงานใหญ่,---
FSP07F01-1956015,FIRESTONE 195/60R15 88V F01,3419,สำนักงานใหญ่,---
FSP07F01-1956015,FIRESTONE 195/60R15 88V F01,3519,สำนักงานใหญ่,---
FSP07F01-1956015,FIRESTONE 195/60R15 88V F01,3519,สำนักงานใหญ่,---
FSP08F01-1955515,FIRESTONE 195/55R15 85V F01,3619,สำนักงานใหญ่,---
FSP08F01-1955515,FIRESTONE 195/55R15 85V F01,3619,สำนักงานใหญ่,---
FSP08F01-1955515,FIRESTONE 195/55R15 85V F01,3619,สำนักงานใหญ่,---
FSP08F01-1955515,FIRESTONE 195/55R15 85V F01,3619,สำนักงานใหญ่,---
FSP08F01-1955515,FIRESTONE 195/55R15 85V F01,3619,สำนักงานใหญ่,---
FSP08F01-1955515,FIRESTONE 195/55R15 85V F01,3619,สำนักงานใหญ่,---
FSP10F01-2056515,FIRESTONE 205/65R15 94V F01,2519,สำนักงานใหญ่,---
FSP10F01-2056515,FIRESTONE 205/65R15 94V F01,2519,สำนักงานใหญ่,---
FSP10F01-2056515,FIRESTONE 205/65R15 94V F01,2519,สำนักงานใหญ่,---
FSP10F01-2056515,FIRESTONE 205/65R15 94V F01,2519,สำนักงานใหญ่,---
FSP12F01-2055516,FIRESTONE 205/55R16 91V F01,4119,สำนักงานใหญ่,---
FSP12F01-2055516,FIRESTONE 205/55R16 91V F01,4119,สำนักงานใหญ่,---
FSP12F01-2055516,FIRESTONE 205/55R16 91V F01,4119,สำนักงานใหญ่,---
FSP12F01-2055516,FIRESTONE 205/55R16 91V F01,4119,สำนักงานใหญ่,---
FSP12F01-2055516,FIRESTONE 205/55R16 91V F01,4019,สำนักงานใหญ่,---
FSP12F01-2055516,FIRESTONE 205/55R16 91V F01,4419,สำนักงานใหญ่,---
FSP16F01-2155517,FIRESTONE 215/55R17 94V F01,1019,สำนักงานใหญ่,---
FSP16F01-2155517,FIRESTONE 215/55R17 94V F01,1119,สำนักงานใหญ่,---
FSP16F01-2155517,FIRESTONE 215/55R17 94V F01,1119,สำนักงานใหญ่,---
FSP16F01-2155517,FIRESTONE 215/55R17 94V F01,1119,สำนักงานใหญ่,---
FSP17F01-2156016,FIRESTONE 215/60R16 97V F01,2019,สำนักงานใหญ่,---
FSP17F01-2156016,FIRESTONE 215/60R16 97V F01,2019,สำนักงานใหญ่,---
FSP17F01-2156016,FIRESTONE 215/60R16 97V F01,2019,สำนักงานใหญ่,---
FSP17F01-2156016,FIRESTONE 215/60R16 97V F01,2019,สำนักงานใหญ่,---
FSP19F01-2255517,FIRESTONE 225/55R17 97V F01,1619,สำนักงานใหญ่,---
FSP19F01-2255517,FIRESTONE 225/55R17 97V F01,1619,สำนักงานใหญ่,---
FSP19F01-2255517,FIRESTONE 225/55R17 97V F01,1619,สำนักงานใหญ่,---
FSP19F01-2255517,FIRESTONE 225/55R17 97V F01,1619,สำนักงานใหญ่,---
FSP22F01-1856015,FIRESTONE 185/60R15 84H F01,4619,สำนักงานใหญ่,---
FSP22F01-1856015,FIRESTONE 185/60R15 84H F01,4619,สำนักงานใหญ่,---
FSP22F01-1856015,FIRESTONE 185/60R15 84H F01,4619,สำนักงานใหญ่,---
FSP22F01-1856015,FIRESTONE 185/60R15 84H F01,4619,สำนักงานใหญ่,---
FSL02LE02-2057015,FIRESTONE 205/70R15C 106/104S LE-02,2619,สำนักงานใหญ่,---
FSL02LE02-2057015,FIRESTONE 205/70R15C 106/104S LE-02,2619,สำนักงานใหญ่,---
FSL02LE02-2057015,FIRESTONE 205/70R15C 106/104S LE-02,2619,สำนักงานใหญ่,---
FSL02LE02-2057015,FIRESTONE 205/70R15C 106/104S LE-02,2619,สำนักงานใหญ่,---
FSL02LE02-2057015,FIRESTONE 205/70R15C 106/104S LE-02,2719,สำนักงานใหญ่,---
FSL02LE02-2057015,FIRESTONE 205/70R15C 106/104S LE-02,2819,สำนักงานใหญ่,---
FSL02LE02-2057015,FIRESTONE 205/70R15C 106/104S LE-02,2819,สำนักงานใหญ่,---
FSL02LE02-2057015,FIRESTONE 205/70R15C 106/104S LE-02,2919,สำนักงานใหญ่,---
FSL02LE02-2057015,FIRESTONE 205/70R15C 106/104S LE-02,2919,สำนักงานใหญ่,---
FSL02LE02-2057015,FIRESTONE 205/70R15C 106/104S LE-02,2919,สำนักงานใหญ่,---
FSL02LE02-2057015,FIRESTONE 205/70R15C 106/104S LE-02,2919,สำนักงานใหญ่,---
FSL02LE02-2057015,FIRESTONE 205/70R15C 106/104S LE-02,2919,สำนักงานใหญ่,---
FSL02LE02-2057015,FIRESTONE 205/70R15C 106/104S LE-02,3319,สำนักงานใหญ่,---
FSL02LE02-2057015,FIRESTONE 205/70R15C 106/104S LE-02,3419,สำนักงานใหญ่,---
FSL03LE02-2157015,FIRESTONE 215/70R15C 106/104S LE-02,3119,สำนักงานใหญ่,---
FSL03LE02-2157015,FIRESTONE 215/70R15C 106/104S LE-02,2619,สำนักงานใหญ่,---
FSL03LE02-2157015,FIRESTONE 215/70R15C 106/104S LE-02,2619,สำนักงานใหญ่,---
FSL03LE02-2157015,FIRESTONE 215/70R15C 106/104S LE-02,2619,สำนักงานใหญ่,---
FSL03LE02-2157015,FIRESTONE 215/70R15C 106/104S LE-02,2619,สำนักงานใหญ่,---
FSL03LE02-2157015,FIRESTONE 215/70R15C 106/104S LE-02,2619,สำนักงานใหญ่,---
FSL03LE02-2157015,FIRESTONE 215/70R15C 106/104S LE-02,2619,สำนักงานใหญ่,---
FSL03LE02-2157015,FIRESTONE 215/70R15C 106/104S LE-02,2719,สำนักงานใหญ่,---
FSL03LE02-2157015,FIRESTONE 215/70R15C 106/104S LE-02,2719,สำนักงานใหญ่,---
FSL03LE02-2157015,FIRESTONE 215/70R15C 106/104S LE-02,2919,สำนักงานใหญ่,---
FSL03LE02-2157015,FIRESTONE 215/70R15C 106/104S LE-02,2919,สำนักงานใหญ่,---
FSL03LE02-2157015,FIRESTONE 215/70R15C 106/104S LE-02,3019,สำนักงานใหญ่,---
FSL05LE02-2157016,FIRESTONE 215/70R16C 108/106S LE-02,2919,สำนักงานใหญ่,---
FSL05LE02-2157016,FIRESTONE 215/70R16C 108/106S LE-02,2919,สำนักงานใหญ่,---
FSL05LE02-2157016,FIRESTONE 215/70R16C 108/106S LE-02,2919,สำนักงานใหญ่,---
FSL05LE02-2157016,FIRESTONE 215/70R16C 108/106S LE-02,2919,สำนักงานใหญ่,---
FSL06LE02-2156516,FIRESTONE 215/65R16C 106/104S LE-02,3219,สำนักงานใหญ่,---
FSL06LE02-2156516,FIRESTONE 215/65R16C 106/104S LE-02,3219,สำนักงานใหญ่,---
FSL06LE02-2156516,FIRESTONE 215/65R16C 106/104S LE-02,2619,สำนักงานใหญ่,---
FSL06LE02-2156516,FIRESTONE 215/65R16C 106/104S LE-02,2619,สำนักงานใหญ่,---
FSL06LE02-2156516,FIRESTONE 215/65R16C 106/104S LE-02,2619,สำนักงานใหญ่,---
FSL06LE02-2156516,FIRESTONE 215/65R16C 106/104S LE-02,2619,สำนักงานใหญ่,---
FSL06LE02-2156516,FIRESTONE 215/65R16C 106/104S LE-02,2619,สำนักงานใหญ่,---
FSP01LE02-2357515,FIRESTONE 235/75R15 109S LE-02,4717,สำนักงานใหญ่,---
FSP04FHS01-1855516,FIRESTONE 185/55R16 83V Firehawk-S01,0619,สำนักงานใหญ่,---
FSP04FHS01-1855516,FIRESTONE 185/55R16 83V Firehawk-S01,0619,สำนักงานใหญ่,---
FSP04FHS01-1855516,FIRESTONE 185/55R16 83V Firehawk-S01,0619,สำนักงานใหญ่,---
FSP04FHS01-1855516,FIRESTONE 185/55R16 83V Firehawk-S01,0619,สำนักงานใหญ่,---
FSP11FHS01-2155517,FIRESTONE 215/55R17 94W Firehawk-S01,0419,สำนักงานใหญ่,---
FSP11FHS01-2155517,FIRESTONE 215/55R17 94W Firehawk-S01,0419,สำนักงานใหญ่,---
MX07MA579-2157015,MAXXIS 215/70R15C 8PR  MA579,4219,สำนักงานใหญ่,---
MX07MA579-2157015,MAXXIS 215/70R15C 8PR  MA579,4219,สำนักงานใหญ่,---
MX07MA579-2157015,MAXXIS 215/70R15C 8PR  MA579,4219,สำนักงานใหญ่,---
MX07MA579-2157015,MAXXIS 215/70R15C 8PR  MA579,4219,สำนักงานใหญ่,---
MX03HT770-2257015,MAXXIS 225/70R15 100T  HT770,1919,สำนักงานใหญ่,---
MX03HT770-2257015,MAXXIS 225/70R15 100T  HT770,1919,สำนักงานใหญ่,---
MX03HT770-2257015,MAXXIS 225/70R15 100T  HT770,1919,สำนักงานใหญ่,---
MX03HT770-2257015,MAXXIS 225/70R15 100T  HT770,1919,สำนักงานใหญ่,---
MX06MAS2-2656018,MAXXIS 265/60R18 110H  MAS2,4619,สำนักงานใหญ่,---
MX06MAS2-2656018,MAXXIS 265/60R18 110H  MAS2,4619,สำนักงานใหญ่,---
MX06MAS2-2656018,MAXXIS 265/60R18 110H  MAS2,4619,สำนักงานใหญ่,---
MX06MAS2-2656018,MAXXIS 265/60R18 110H  MAS2,4619,สำนักงานใหญ่,---
MX08MAS2-2655020,MAXXIS 265/50R20 112V  MAS2,3319,สำนักงานใหญ่,---
MX08MAS2-2655020,MAXXIS 265/50R20 112V  MAS2,3419,สำนักงานใหญ่,---
MX08MAS2-2655020,MAXXIS 265/50R20 112V  MAS2,3419,สำนักงานใหญ่,---
MX08MAS2-2655020,MAXXIS 265/50R20 112V  MAS2,3619,สำนักงานใหญ่,---
MX02AT-700-309.5015,MAXXIS 30x9.50R15 104S  AT-700,1514,สำนักงานใหญ่,---
MX06AT-700-2557015,MAXXIS 255/70R15 108T  AT-700,4619,สำนักงานใหญ่,---
MX06AT-700-2557015,MAXXIS 255/70R15 108T  AT-700,4619,สำนักงานใหญ่,---
MX06AT-700-2557015,MAXXIS 255/70R15 108T  AT-700,4619,สำนักงานใหญ่,---
MX06AT-700-2557015,MAXXIS 255/70R15 108T  AT-700,4619,สำนักงานใหญ่,---
MX10AT-700-2457016,MAXXIS 245/70R16 111S  AT-700,0919,สำนักงานใหญ่,---
MX10AT-700-2457016,MAXXIS 245/70R16 111S  AT-700,1019,สำนักงานใหญ่,---
MX10AT-700-2457016,MAXXIS 245/70R16 111S  AT-700,1019,สำนักงานใหญ่,---
MX10AT-700-2457016,MAXXIS 245/70R16 111S  AT-700,1718,สำนักงานใหญ่,ปี 18 ลด 30%
MX10AT-700-2457016,MAXXIS 245/70R16 111S  AT-700,1718,สำนักงานใหญ่,ปี 18 ลด 30%
MX10AT-700-2457016,MAXXIS 245/70R16 111S  AT-700,1718,สำนักงานใหญ่,ปี 18 ลด 30%
MX10AT-700-2457016,MAXXIS 245/70R16 111S  AT-700,1019,สำนักงานใหญ่,---
MX10AT-700-2457016,MAXXIS 245/70R16 111S  AT-700,0119,สำนักงานใหญ่,---
MX18AT-700-2656517,MAXXIS 265/65R17 112S  AT-700,4119,สำนักงานใหญ่,---
MX18AT-700-2656517,MAXXIS 265/65R17 112S  AT-700,4119,สำนักงานใหญ่,---
MX18AT-700-2656517,MAXXIS 265/65R17 112S  AT-700,4119,สำนักงานใหญ่,---
MX18AT-700-2656517,MAXXIS 265/65R17 112S  AT-700,4119,สำนักงานใหญ่,---
ML01AGI-2157015,MICHELIN 215/70R15C 109/107S  AGILIS,3519,สำนักงานใหญ่,---
ML01AGI-2157015,MICHELIN 215/70R15C 109/107S  AGILIS,3519,สำนักงานใหญ่,---
ML01AGI-2157015,MICHELIN 215/70R15C 109/107S  AGILIS,3519,สำนักงานใหญ่,---
ML01AGI-2157015,MICHELIN 215/70R15C 109/107S  AGILIS,3619,สำนักงานใหญ่,---
ML02AGI-2157016,MICHELIN 215/70R16C 108T AGILIS,1119,สำนักงานใหญ่,---
ML02AGI-2157016,MICHELIN 215/70R16C 108T AGILIS,1119,สำนักงานใหญ่,---
ML02AGI-2157016,MICHELIN 215/70R16C 108T AGILIS,0419,สำนักงานใหญ่,---
ML02AGI-2157016,MICHELIN 215/70R16C 108T AGILIS,0419,สำนักงานใหญ่,---
ML01XCD2-2157514,MICHELIN 215/75R14 112P XCD2,3419,สำนักงานใหญ่,---
ML01XCD2-2157514,MICHELIN 215/75R14 112P XCD2,3419,สำนักงานใหญ่,---
ML01XCD2-2157514,MICHELIN 215/75R14 112P XCD2,3419,สำนักงานใหญ่,---
ML01XCD2-2157514,MICHELIN 215/75R14 112P XCD2,3419,สำนักงานใหญ่,---
ML01XCD2-2157514,MICHELIN 215/75R14 112P XCD2,2119,สำนักงานใหญ่,---
ML01XCD2-2157514,MICHELIN 215/75R14 112P XCD2,4119,สำนักงานใหญ่,---
ML01XCD2-2157514,MICHELIN 215/75R14 112P XCD2,4119,สำนักงานใหญ่,---
ML02XCD2-2257514,MICHELIN 225/75R14 115P XCD2,4419,สำนักงานใหญ่,---
ML02XCD2-2257514,MICHELIN 225/75R14 115P XCD2,4419,สำนักงานใหญ่,---
ML02XCD2-2257514,MICHELIN 225/75R14 115P XCD2,4419,สำนักงานใหญ่,---
ML02XCD2-2257514,MICHELIN 225/75R14 115P XCD2,4419,สำนักงานใหญ่,---
ML02XCD2-2257514,MICHELIN 225/75R14 115P XCD2,4419,สำนักงานใหญ่,---
ML02XCD2-2257514,MICHELIN 225/75R14 115P XCD2,4419,สำนักงานใหญ่,---
ML02XCD2-2257514,MICHELIN 225/75R14 115P XCD2,4419,สำนักงานใหญ่,---
ML02XCD2-2257514,MICHELIN 225/75R14 115P XCD2,4419,สำนักงานใหญ่,---
ML02XCD2-2257514,MICHELIN 225/75R14 115P XCD2,4419,สำนักงานใหญ่,---
ML02XCD2-2257514,MICHELIN 225/75R14 115P XCD2,4219,สำนักงานใหญ่,---
ML02XCD2-2257514,MICHELIN 225/75R14 115P XCD2,4419,สำนักงานใหญ่,---
ML02XCD2-2257514,MICHELIN 225/75R14 115P XCD2,4519,สำนักงานใหญ่,---
ML02XCD2-2257514,MICHELIN 225/75R14 115P XCD2,4519,สำนักงานใหญ่,---
ML02XCD2-2257514,MICHELIN 225/75R14 115P XCD2,4519,สำนักงานใหญ่,---
ML02XCD2-2257514,MICHELIN 225/75R14 115P XCD2,4519,สำนักงานใหญ่,---
ML02XCD2-2257514,MICHELIN 225/75R14 115P XCD2,4619,สำนักงานใหญ่,---
ML02XCD2-2257514,MICHELIN 225/75R14 115P XCD2,4419,สำนักงานใหญ่,---
ML02XCD2-2257514,MICHELIN 225/75R14 115P XCD2,4519,สำนักงานใหญ่,---
ML02XCD2-2257514,MICHELIN 225/75R14 115P XCD2,4519,สำนักงานใหญ่,---
ML02XCD2-2257514,MICHELIN 225/75R14 115P XCD2,4619,สำนักงานใหญ่,---
ML02XCD2-2257514,MICHELIN 225/75R14 115P XCD2,4619,สำนักงานใหญ่,---
ML02XCD2-2257514,MICHELIN 225/75R14 115P XCD2,4619,สำนักงานใหญ่,---
ML02XCD2-2257514,MICHELIN 225/75R14 115P XCD2,4619,สำนักงานใหญ่,---
ML02XCD2-2257514,MICHELIN 225/75R14 115P XCD2,4619,สำนักงานใหญ่,---
ML03XCD2-2257515,MICHELIN 225/75R15 116Q XCD2,4619,สำนักงานใหญ่,---
ML03XCD2-2257515,MICHELIN 225/75R15 116Q XCD2,4619,สำนักงานใหญ่,---
ML03XCD2-2257515,MICHELIN 225/75R15 116Q XCD2,3919,สำนักงานใหญ่,---
ML03XCD2-2257515,MICHELIN 225/75R15 116Q XCD2,4119,สำนักงานใหญ่,---
ML03XCD2-2257515,MICHELIN 225/75R15 116Q XCD2,4119,สำนักงานใหญ่,---
ML03XCD2-2257515,MICHELIN 225/75R15 116Q XCD2,4119,สำนักงานใหญ่,---
DTP02DT30-1856015,DAYTON 185/60R15 84H DT30,2519,สำนักงานใหญ่,---
DTP02DT30-1856015,DAYTON 185/60R15 84H DT30,2519,สำนักงานใหญ่,---
DTP02DT30-1856015,DAYTON 185/60R15 84H DT30,2519,สำนักงานใหญ่,---
DTP02DT30-1856015,DAYTON 185/60R15 84H DT30,2519,สำนักงานใหญ่,---
DTP02DT30-1856015,DAYTON 185/60R15 84H DT30,2519,สำนักงานใหญ่,---
DTP02DT30-1856015,DAYTON 185/60R15 84H DT30,2519,สำนักงานใหญ่,---
DTP02DT30-1856015,DAYTON 185/60R15 84H DT30,2519,สำนักงานใหญ่,---
DTP02DT30-1856015,DAYTON 185/60R15 84H DT30,2519,สำนักงานใหญ่,---
DTP02DT30-1856015,DAYTON 185/60R15 84H DT30,2519,สำนักงานใหญ่,---
DTP02DT30-1856015,DAYTON 185/60R15 84H DT30,2519,สำนักงานใหญ่,---
DTP02DT30-1856015,DAYTON 185/60R15 84H DT30,2519,สำนักงานใหญ่,---
DTP02DT30-1856015,DAYTON 185/60R15 84H DT30,2519,สำนักงานใหญ่,---
DTP02DT30-1856015,DAYTON 185/60R15 84H DT30,2519,สำนักงานใหญ่,---
DTP02DT30-1856015,DAYTON 185/60R15 84H DT30,2519,สำนักงานใหญ่,---
DTP03DT30-1956015,DAYTON 195/60R15 88H DT30,3519,สำนักงานใหญ่,---
DTP03DT30-1956015,DAYTON 195/60R15 88H DT30,3519,สำนักงานใหญ่,---
DTP03DT30-1956015,DAYTON 195/60R15 88H DT30,3519,สำนักงานใหญ่,---
DTP03DT30-1956015,DAYTON 195/60R15 88H DT30,3519,สำนักงานใหญ่,---
DTP05DT30-1955015,DAYTON 195/50R15 82H DT30,3219,สำนักงานใหญ่,---
DTP05DT30-1955015,DAYTON 195/50R15 82H DT30,3219,สำนักงานใหญ่,---
DTP05DT30-1955015,DAYTON 195/50R15 82H DT30,3219,สำนักงานใหญ่,---
DTP05DT30-1955015,DAYTON 195/50R15 82H DT30,3219,สำนักงานใหญ่,---
DTP06DT30-2056515,DAYTON 205/65R15 94H DT30,2619,สำนักงานใหญ่,---
DTP06DT30-2056515,DAYTON 205/65R15 94H DT30,2619,สำนักงานใหญ่,---
DTP06DT30-2056515,DAYTON 205/65R15 94H DT30,2619,สำนักงานใหญ่,---
DTP06DT30-2056515,DAYTON 205/65R15 94H DT30,2619,สำนักงานใหญ่,---
DTP07DT30-2155517,DAYTON 215/55R17 94W DT30,1819,สำนักงานใหญ่,---
DTP07DT30-2155517,DAYTON 215/55R17 94W DT30,2519,สำนักงานใหญ่,---
DTP07DT30-2155517,DAYTON 215/55R17 94W DT30,2519,สำนักงานใหญ่,---
DTP07DT30-2155517,DAYTON 215/55R17 94W DT30,2619,สำนักงานใหญ่,---
DTP09DT30-2054517,DAYTON 205/45R17 84W DT30,2719,สำนักงานใหญ่,---
DTP09DT30-2054517,DAYTON 205/45R17 84W DT30,2719,สำนักงานใหญ่,---
DTP09DT30-2054517,DAYTON 205/45R17 84W DT30,2719,สำนักงานใหญ่,---
DTP09DT30-2054517,DAYTON 205/45R17 84W DT30,2719,สำนักงานใหญ่,---
DTP21DT30-1956515,DAYTON 195/65R15 91V DT30,3419,สำนักงานใหญ่,---
DTP21DT30-1956515,DAYTON 195/65R15 91V DT30,3419,สำนักงานใหญ่,---
DTP21DT30-1956515,DAYTON 195/65R15 91V DT30,3419,สำนักงานใหญ่,---
DTP21DT30-1956515,DAYTON 195/65R15 91V DT30,3419,สำนักงานใหญ่,---
DTP22DT30-2156016,DAYTON 215/60R16 95V DT30,2119,สำนักงานใหญ่,---
DTP22DT30-2156016,DAYTON 215/60R16 95V DT30,2119,สำนักงานใหญ่,---
DTP22DT30-2156016,DAYTON 215/60R16 95V DT30,2119,สำนักงานใหญ่,---
DTP22DT30-2156016,DAYTON 215/60R16 95V DT30,2119,สำนักงานใหญ่,---
DTP22DT30-2156016,DAYTON 215/60R16 95V DT30,2119,สำนักงานใหญ่,---
DTP22DT30-2156016,DAYTON 215/60R16 95V DT30,2119,สำนักงานใหญ่,---
DTP22DT30-2156016,DAYTON 215/60R16 95V DT30,2119,สำนักงานใหญ่,---
DTP22DT30-2156016,DAYTON 215/60R16 95V DT30,2119,สำนักงานใหญ่,---
DTP24DT30-2055516,DAYTON 205/55R16 91V DT30,2919,สำนักงานใหญ่,---
DTP24DT30-2055516,DAYTON 205/55R16 91V DT30,2919,สำนักงานใหญ่,---
DTP24DT30-2055516,DAYTON 205/55R16 91V DT30,2919,สำนักงานใหญ่,---
DTP24DT30-2055516,DAYTON 205/55R16 91V DT30,2919,สำนักงานใหญ่,---
DTP01HT100-2457016,DAYTON 245/70R16 107H H/T100,2319,สำนักงานใหญ่,---
DTP01HT100-2457016,DAYTON 245/70R16 107H H/T100,2319,สำนักงานใหญ่,---
DTP01HT100-2457016,DAYTON 245/70R16 107H H/T100,2319,สำนักงานใหญ่,---
DTP01HT100-2457016,DAYTON 245/70R16 107H H/T100,2319,สำนักงานใหญ่,---
DTP01HT100-2457016,DAYTON 245/70R16 107H H/T100,1619,สำนักงานใหญ่,---
DTP01HT100-2457016,DAYTON 245/70R16 107H H/T100,1619,สำนักงานใหญ่,---
DTP01HT100-2457016,DAYTON 245/70R16 107H H/T100,1619,สำนักงานใหญ่,---
DTP01HT100-2457016,DAYTON 245/70R16 107H H/T100,1619,สำนักงานใหญ่,---
DTP02HT100-2657016,DAYTON 265/70R16 112H H/T100,1819,สำนักงานใหญ่,---
DTP02HT100-2657016,DAYTON 265/70R16 112H H/T100,1819,สำนักงานใหญ่,---
DTP02HT100-2657016,DAYTON 265/70R16 112H H/T100,1819,สำนักงานใหญ่,---
DTP02HT100-2657016,DAYTON 265/70R16 112H H/T100,1819,สำนักงานใหญ่,---
DTP03HT100-2656018,DAYTON 265/60R18 82H H/T100,2919,สำนักงานใหญ่,---
DTP03HT100-2656018,DAYTON 265/60R18 82H H/T100,2919,สำนักงานใหญ่,---
DTP03HT100-2656018,DAYTON 265/60R18 82H H/T100,2919,สำนักงานใหญ่,---
DTP03HT100-2656018,DAYTON 265/60R18 82H H/T100,2919,สำนักงานใหญ่,---
DL02LM704-2154517,DUNLOP 215/45R17 91W LM704,3219,สำนักงานใหญ่,---
DL02LM704-2154517,DUNLOP 215/45R17 91W LM704,3219,สำนักงานใหญ่,---
DL02LM704-2154517,DUNLOP 215/45R17 91W LM704,3219,สำนักงานใหญ่,---
DL02LM704-2154517,DUNLOP 215/45R17 91W LM704,3219,สำนักงานใหญ่,---
BST03HM-90020-14,BRIDGESTONE 9.00-20 14PLY H-MILER (สร้อย),0019,สำนักงานใหญ่,---
BST03HM-90020-14,BRIDGESTONE 9.00-20 14PLY H-MILER (สร้อย),0019,สำนักงานใหญ่,---
BST02UL-90020-14,BRIDGESTONE 9.00-20 14PLY U-LUG (บั้ง),0019,สำนักงานใหญ่,---
BST02UL-90020-14,BRIDGESTONE 9.00-20 14PLY U-LUG (บั้ง),0019,สำนักงานใหญ่,---
BST02UL-90020-14,BRIDGESTONE 9.00-20 14PLY U-LUG (บั้ง),0019,สำนักงานใหญ่,---
BST02UL-90020-14,BRIDGESTONE 9.00-20 14PLY U-LUG (บั้ง),0019,สำนักงานใหญ่,---
,,,,
,,,,
,,,,
,,,,
,,,,
,,,,
,,,,
,,,,
,,,,
,,,,
,,,,
,,,,
,,,,
,,,,
,,,,
,,,,
,,,,
,,,,
,,,,
,,,,
,,,,
,,,,
,,,,
,,,,
,,,,
,,,,
,,,,
,,,,
,,,,
,,,,
,,,,
,,,,
,,,,
,,,,
,,,,
,,,,
,,,,
,,,,
,,,,
,,,,
,,,,
,,,,
,,,,
,,,,
,,,,
,,,,
,,,,
,,,,
,,,,
,,,,
,,,,
,,,,
,,,,
,,,,
,,,,
,,,,
,,,,
,,,,
,,,,
,,,,
,,,,
,,,,
,,,,
,,,,
,,,,
,,,,
,,,,
,,,,
,,,,
,,,,
,,,,
,,,,
,,,,
,,,,
,,,,
,,,,
,,,,
,,,,
,,,,
,,,,
,,,,
,,,,
,,,,
,,,,
,,,,
,,,,
,,,,
,,,,
,,,,
,,,,
,,,,
,,,,
,,,,
,,,,
,,,,
,,,,
,,,,
,,,,
,,,,
,,,,
,,,,
,,,,
,,,,
,,,,
,,,,
,,,,
,,,,
,,,,
,,,,
,,,,
,,,,
,,,,
,,,,
,,,,
,,,,
,,,,
,,,,
,,,,
,,,,
,,,,
,,,,
,,,,
,,,,
,,,,
,,,,
,,,,
,,,,
,,,,
,,,,
,,,,
,,,,
,,,,
,,,,
,,,,
,,,,
,,,,
,,,,
,,,,
,,,,
,,,,
,,,,
,,,,
,,,,
,,,,
,,,,
,,,,
,,,,
,,,,
,,,,
,,,,
,,,,
,,,,
,,,,
,,,,
,,,,
,,,,
,,,,
,,,,
,,,,
,,,,
,,,,
,,,,
,,,,
,,,,
,,,,
,,,,
,,,,
,,,,
,,,,
,,,,
,,,,
,,,,
,,,,
,,,,
,,,,
,,,,
,,,,
,,,,
,,,,
,,,,
,,,,
,,,,
,,,,
,,,,
,,,,
,,,,
,,,,
,,,,
,,,,
,,,,
,,,,
,,,,
,,,,
,,,,
,,,,
,,,,
,,,,
,,,,
,,,,
,,,,
,,,,
,,,,
,,,,
,,,,
,,,,
,,,,
,,,,
,,,,
,,,,
,,,,
,,,,
,,,,
,,,,
,,,,
,,,,
,,,,
,,,,
,,,,
,,,,
,,,,
,,,,
,,,,
,,,,
,,,,
,,,,
,,,,
,,,,
,,,,
,,,,
,,,,
,,,,
,,,,
,,,,
,,,,
,,,,
,,,,
,,,,
,,,,
,,,,
,,,,
,,,,
,,,,
,,,,
,,,,
,,,,
,,,,
,,,,
,,,,
,,,,
,,,,
,,,,
,,,,
,,,,
,,,,
,,,,
,,,,
,,,,
,,,,
,,,,
,,,,
,,,,
,,,,
,,,,
,,,,
,,,,
,,,,
,,,,
,,,,
,,,,
,,,,
,,,,
,,,,
,,,,
,,,,
,,,,
,,,,
,,,,
,,,,
,,,,
,,,,
,,,,
,,,,
,,,,
,,,,
,,,,
,,,,
,,,,
,,,,
,,,,
,,,,
,,,,
,,,,
,,,,
,,,,
,,,,
,,,,
,,,,
,,,,
,,,,
,,,,
,,,,
,,,,
,,,,
,,,,
,,,,
,,,,
,,,,
,,,,
,,,,
,,,,
,,,,
,,,,
,,,,
,,,,
,,,,
,,,,
,,,,
,,,,
,,,,
,,,,
,,,,
,,,,
,,,,
,,,,
,,,,
,,,,
,,,,
,,,,
,,,,
,,,,
,,,,
,,,,
,,,,
,,,,
,,,,
,,,,
,,,,
,,,,
,,,,
,,,,
,,,,
,,,,
,,,,
,,,,
,,,,
,,,,
,,,,
,,,,
,,,,
,,,,
,,,,
,,,,
,,,,
,,,,
,,,,
,,,,
,,,,
,,,,
,,,,
,,,,
,,,,
,,,,
,,,,
,,,,
,,,,
,,,,
,,,,
,,,,
,,,,
,,,,
,,,,
,,,,
,,,,
,,,,
,,,,
,,,,
,,,,
,,,,
,,,,
,,,,
,,,,
,,,,
,,,,
,,,,
,,,,
,,,,
,,,,
,,,,
,,,,
,,,,
,,,,
,,,,
,,,,
,,,,
,,,,
,,,,
,,,,
,,,,
,,,,
,,,,
,,,,
,,,,
,,,,
,,,,
,,,,
,,,,
,,,,
,,,,
,,,,
,,,,
,,,,
,,,,
,,,,
,,,,
,,,,
,,,,
,,,,
,,,,
,,,,
,,,,
,,,,
,,,,
,,,,
,,,,
,,,,
,,,,
,,,,
,,,,
,,,,
,,,,
,,,,
,,,,
,,,,
,,,,
,,,,
,,,,
,,,,
,,,,
,,,,
,,,,
,,,,
,,,,
,,,,
,,,,
,,,,
,,,,
,,,,
,,,,
,,,,
,,,,
,,,,
,,,,
,,,,
,,,,
,,,,
,,,,
,,,,
,,,,
,,,,
,,,,
,,,,
,,,,
,,,,
,,,,
,,,,
,,,,
,,,,
,,,,
,,,,
,,,,
,,,,
,,,,
,,,,
,,,,
,,,,
,,,,
,,,,
,,,,
,,,,
,,,,
,,,,
,,,,
,,,,
,,,,
,,,,
,,,,
,,,,
,,,,
,,,,
,,,,
,,,,
,,,,
,,,,
,,,,
,,,,
,,,,
,,,,
,,,,
,,,,
,,,,
,,,,
,,,,
,,,,
,,,,
,,,,
,,,,
,,,,
,,,,
,,,,
,,,,
,,,,
,,,,
,,,,
,,,,
,,,,
,,,,
,,,,
,,,,
,,,,
,,,,
,,,,
,,,,
,,,,
,,,,
,,,,
,,,,
,,,,
,,,,
,,,,
,,,,
,,,,
,,,,
,,,,
,,,,
,,,,
,,,,
,,,,
,,,,
,,,,
,,,,
,,,,
,,,,
,,,,
,,,,
,,,,
,,,,
,,,,
,,,,
,,,,
,,,,
,,,,
,,,,
,,,,
,,,,
,,,,
,,,,
,,,,
,,,,
,,,,
,,,,
,,,,
,,,,
,,,,
,,,,
,,,,
,,,,
,,,,
,,,,
,,,,
,,,,
,,,,
,,,,
,,,,
,,,,
,,,,
,,,,
,,,,
,,,,
,,,,
,,,,
,,,,
,,,,
,,,,
,,,,
,,,,
,,,,
,,,,
,,,,
,,,,
,,,,
,,,,
,,,,
,,,,
,,,,
,,,,
,,,,
,,,,
,,,,
,,,,
,,,,
,,,,
,,,,
,,,,
,,,,
